id,name,appearance,personality,name_jap,appearance_jap,personality_jap,power_level,memento_id,regular,available,img_face,fish_gift_factor,seasonal_modifier_factor,file_name,special_index,food_interests,unk_interests,goody_interests
0,Snowball,Solid White,Mellow,しろねこさん,白,おっとり,80,0,TRUE,TRUE,0,90,100,img_neko_00,,"[10, 22, 45, 30, 60, 48, 92]","[70, 3, 5]","[50, 1, 1, 1, 1, 0, 0, 0, 0, 0, 0, 200, 0, 0, 20, 0, 5, 5, 10, 0, 20, 10, 0, 20, 2, 10, 0, 0, 0, 10, 0, 0, 0, 0, 30, 10, 40, 30, 30, 0, 50, 30, 50, 30, 30, 20, 70, 20, 0, 20, 0, 0, 30, 30, 0, 70, 30, 20, 0, 10, 30, 10, 50, 10, 30, 0, 30, 30, 20, 40, 40, 30, 50, 20, 0, 10, 40, 20, 5, 0, 30, 10, 0, 0, 30, 5, 20, 10, 10, 10, 80, 0, 20, 0, 0, 20, 0, 0, 0, 0, 0, 5, 10, 10, 20, 30, 0, 0, 0, 0, 5, 0, 0, 0, 0, 5, 0, 0, 0, 0, 0, 5, 0, 0, 0, 0, 0, 0, 20, 0, 0, 0, 0, 0, 0, 0, 10, 0, 0, 0, 0, 0, 0, 2, 5, 2, 2, 0, 0, 2, 2, 2, 0, 0, 1, 1, 0, 0, 3, 3, 0, 5, 0, 0, 20, 10, 10, 0, 0, 0, 0, 10, 20, 0, 0, 10, 0, 10, 10, 10, 5, 0, 0, 0, 10, 3, 10, 10, 20, 20, 0, 0, 0, 0, 0, 1, 10, 30, 30, 0, 0, 10, 10, 15, 15, 0, 0, 20, 40, 40, 40, 0, 20, 20, 20, 20, 0, 15, 15, 0, 15, 0, 15, 15, 0, 0, 15, 30, 20, 20, 20, 20, 0, 30, 0, 0, 20, 15, 0, 0, 0, 0, 0, 0, 20, 15, 15, 30, 0, 30, 30, 0, 40, 0, 20, 0, 0, 0, 0, 0, 0, 30, 40, 30, 0, 30, 20, 0, 0, 20, 0, 30, 0, 15, 20, 0, 0, 20, 0, 10, 0, 0, 0, 40, 0, 5, 5, 30, 10, 30, 0, 0, 0, 0, 0, 30, 20, 0, 0, 10, 30, 30, 20, 50, 0, 0, 20, 0, 35, 0, 30, 0, 10]"
1,Smokey,Solid Black,Hot and Cold,くろねこさん,黒,ツンデレ,140,1,TRUE,TRUE,1,120,100,img_neko_01,,"[9, 21, 50, 30, 60, 52, 95]","[70, 1, 2]","[1, 1, 1, 1, 1, 0, 0, 0, 0, 0, 0, 7, 0, 0, 0, 20, 0, 0, 10, 0, 0, 0, 20, 0, 2, 5, 0, 0, 10, 0, 4, 0, 0, 10, 15, 0, 0, 0, 20, 10, 10, 0, 0, 0, 5, 30, 0, 0, 20, 0, 0, 10, 0, 0, 30, 0, 0, 0, 0, 20, 0, 5, 50, 5, 20, 0, 0, 0, 0, 40, 40, 0, 0, 20, 10, 0, 30, 5, 5, 0, 5, 0, 0, 0, 5, 30, 0, 20, 10, 5, 0, 0, 0, 20, 0, 0, 20, 0, 0, 20, 0, 0, 0, 0, 20, 0, 20, 0, 0, 0, 0, 10, 5, 0, 0, 0, 10, 5, 0, 0, 0, 0, 10, 5, 0, 0, 20, 20, 0, 20, 10, 10, 5, 5, 0, 0, 0, 20, 0, 20, 10, 0, 0, 5, 0, 0, 0, 2, 2, 2, 0, 2, 2, 2, 5, 5, 0, 0, 3, 3, 3, 3, 0, 0, 0, 80, 80, 60, 60, 30, 30, 30, 10, 60, 0, 70, 0, 70, 15, 5, 0, 10, 0, 0, 0, 0, 0, 0, 10, 10, 0, 0, 5, 0, 0, 1, 0, 0, 0, 0, 0, 0, 0, 0, 10, 0, 0, 0, 40, 40, 0, 40, 15, 15, 15, 10, 0, 0, 0, 0, 20, 0, 20, 20, 0, 10, 0, 30, 15, 15, 15, 10, 0, 0, 0, 0, 0, 10, 0, 20, 0, 0, 0, 30, 0, 0, 0, 0, 30, 0, 0, 0, 0, 0, 0, 0, 0, 0, 0, 0, 10, 0, 0, 0, 60, 0, 0, 0, 0, 0, 20, 0, 0, 0, 0, 0, 0, 15, 0, 0, 0, 0, 25, 0, 30, 0, 30, 5, 0, 0, 30, 0, 0, 0, 15, 0, 35, 12, 35, 0, 30, 10, 13, 0, 32, 0, 0, 0, 0, 0, 0, 0, 10]"
2,Spots,Black & White,Joker,しろくろさん,白黒,おちょうしもの,75,2,TRUE,TRUE,2,85,30,img_neko_02,,"[8, 21, 48, 10, 60, 50, 50]","[50, 5, 3]","[1, 1, 1, 1, 1, 0, 0, 0, 0, 0, 10, 15, 6, 0, 0, 0, 15, 15, 0, 15, 5, 16, 0, 20, 1, 5, 5, 20, 0, 0, 40, 70, 0, 30, 0, 10, 0, 0, 0, 0, 0, 8, 3, 0, 0, 0, 0, 0, 0, 0, 20, 0, 0, 10, 0, 0, 0, 30, 0, 30, 0, 0, 0, 0, 0, 5, 0, 0, 0, 20, 0, 0, 0, 0, 0, 0, 0, 0, 0, 0, 0, 0, 0, 10, 15, 15, 30, 0, 30, 0, 0, 20, 20, 0, 0, 0, 0, 0, 0, 0, 0, 0, 0, 0, 0, 0, 0, 0, 0, 0, 0, 5, 15, 10, 0, 0, 5, 15, 10, 10, 0, 0, 5, 15, 10, 0, 0, 0, 0, 0, 0, 0, 0, 0, 10, 10, 10, 5, 0, 0, 0, 0, 0, 30, 150, 70, 70, 120, 120, 30, 70, 30, 120, 120, 70, 70, 80, 80, 60, 60, 70, 70, 0, 10, 80, 0, 0, 10, 10, 5, 0, 0, 0, 20, 0, 0, 0, 0, 0, 5, 5, 0, 10, 0, 10, 0, 0, 0, 0, 0, 0, 20, 0, 15, 10, 30, 5, 0, 0, 0, 0, 15, 5, 5, 0, 0, 0, 0, 0, 0, 20, 0, 30, 0, 0, 0, 0, 0, 0, 0, 0, 10, 10, 10, 10, 0, 0, 20, 0, 0, 0, 0, 0, 5, 10, 0, 0, 0, 0, 0, 0, 15, 0, 0, 50, 50, 60, 0, 0, 0, 0, 10, 0, 0, 0, 0, 0, 0, 0, 0, 10, 0, 0, 20, 0, 0, 0, 0, 0, 0, 0, 0, 0, 0, 0, 0, 0, 0, 0, 0, 10, 0, 0, 0, 0, 0, 15, 15, 10, 0, 20, 0, 0, 0, 20, 0, 5, 0, 0, 0, 0, 0, 19, 0, 0, 0, 0, 0, 0, 0, 0, 0, 20]"
3,Shadow,Solid grey,Peculiar,はいいろさん,灰,ふしぎちゃん,50,3,TRUE,TRUE,3,130,0,img_neko_03,,"[8, 20, 48, 30, 60, 50, 30]","[70, 4, 3]","[1, 1, 1, 1, 1, 0, 0, 0, 0, 0, 0, 10, 10, 0, 50, 50, 10, 10, 0, 10, 10, 25, 25, 0, 10, 20, 0, 0, 0, 10, 30, 30, 0, 0, 0, 0, 0, 0, 0, 0, 0, 10, 0, 0, 5, 0, 50, 0, 0, 0, 0, 0, 0, 0, 0, 50, 0, 0, 10, 30, 0, 0, 10, 0, 0, 0, 0, 10, 0, 30, 0, 0, 0, 0, 0, 15, 0, 10, 0, 0, 0, 10, 5, 0, 0, 20, 0, 0, 50, 5, 5, 0, 0, 0, 30, 0, 0, 30, 0, 0, 0, 5, 5, 30, 0, 0, 0, 0, 0, 0, 0, 20, 0, 0, 0, 0, 20, 0, 0, 0, 0, 0, 20, 0, 0, 0, 0, 20, 20, 0, 0, 0, 30, 20, 0, 0, 0, 20, 20, 0, 0, 0, 0, 0, 0, 0, 10, 0, 0, 0, 10, 0, 0, 0, 0, 0, 0, 0, 20, 20, 20, 0, 0, 0, 0, 0, 0, 0, 0, 0, 10, 0, 5, 0, 0, 5, 0, 0, 0, 0, 0, 10, 0, 0, 80, 30, 150, 0, 0, 100, 30, 0, 15, 0, 0, 1, 50, 0, 0, 5, 0, 10, 0, 0, 0, 0, 10, 0, 0, 0, 0, 30, 0, 50, 0, 0, 30, 0, 0, 20, 0, 20, 0, 0, 30, 0, 0, 0, 30, 0, 0, 0, 0, 0, 0, 0, 0, 0, 10, 15, 0, 10, 0, 0, 0, 0, 0, 0, 0, 10, 0, 0, 0, 40, 10, 0, 0, 0, 20, 0, 0, 0, 0, 0, 0, 0, 0, 0, 5, 0, 0, 0, 0, 0, 0, 0, 0, 0, 0, 0, 20, 0, 0, 0, 0, 60, 0, 20, 0, 15, 15, 29, 15, 20, 0, 0, 0, 0, 35, 60, 0, 0, 0, 0, 0, 0, 0, 0, 0, 0, 0, 0, 0]"
4,Sunny,Turkish Calico,Mischievous,とびみけさん,とび三毛,やんちゃ,120,4,TRUE,TRUE,4,70,10,img_neko_04,,"[10, 22, 48, 10, 60, 50, 70]","[50, 20, 4]","[1, 1, 1, 1, 1, 0, 0, 0, 0, 0, 100, 0, 0, 100, 0, 0, 0, 0, 0, 0, 0, 0, 100, 50, 10, 20, 50, 100, 0, 0, 0, 50, 0, 50, 0, 0, 0, 0, 0, 0, 0, 0, 0, 50, 0, 0, 0, 0, 0, 20, 10, 0, 30, 30, 30, 0, 0, 0, 0, 0, 0, 0, 0, 30, 0, 30, 0, 0, 0, 0, 0, 0, 0, 0, 0, 0, 0, 0, 0, 0, 0, 0, 0, 0, 0, 0, 0, 50, 0, 0, 0, 0, 0, 0, 0, 0, 0, 0, 0, 0, 0, 0, 0, 0, 0, 0, 0, 0, 0, 0, 0, 50, 100, 70, 50, 0, 50, 100, 70, 70, 50, 0, 50, 100, 70, 50, 0, 0, 0, 0, 50, 50, 0, 0, 100, 70, 30, 60, 0, 0, 50, 0, 0, 0, 60, 60, 60, 100, 100, 0, 60, 0, 100, 100, 100, 100, 0, 0, 0, 0, 0, 0, 30, 0, 0, 100, 120, 120, 160, 150, 90, 0, 0, 80, 0, 0, 0, 100, 0, 10, 5, 50, 0, 0, 0, 30, 50, 0, 0, 0, 0, 40, 0, 45, 50, 30, 0, 0, 0, 0, 30, 0, 0, 0, 0, 0, 0, 0, 80, 80, 0, 0, 0, 0, 0, 0, 0, 0, 0, 40, 0, 0, 0, 0, 20, 0, 0, 50, 0, 0, 0, 0, 0, 30, 0, 0, 0, 0, 60, 30, 0, 80, 50, 0, 0, 0, 0, 0, 0, 0, 0, 0, 0, 0, 0, 0, 0, 0, 0, 0, 50, 0, 0, 80, 0, 0, 0, 0, 0, 0, 0, 50, 0, 0, 0, 0, 0, 0, 0, 0, 0, 0, 0, 0, 0, 0, 0, 0, 0, 0, 0, 30, 30, 0, 30, 0, 50, 0, 0, 0, 0, 0, 25, 0, 18, 0, 0, 0, 0, 0, 0, 0, 20]"
5,Fred,Orange Tabby,Lady-killer,ちゃとらさん,茶トラ,イケメン風味,150,5,TRUE,TRUE,5,300,70,img_neko_05,,"[7, 19, 48, 30, 60, 50, 90]","[70, 0, 3]","[1, 1, 1, 1, 1, 0, 0, 0, 0, 0, 0, 0, 0, 100, 0, 0, 0, 5, 0, 10, 0, 30, 0, 0, 50, 0, 0, 0, 20, 0, 0, 0, 70, 0, 0, 0, 0, 0, 0, 50, 0, 0, 40, 40, 0, 0, 0, 0, 70, 0, 20, 0, 20, 20, 10, 0, 0, 0, 0, 0, 0, 0, 0, 0, 0, 0, 0, 0, 0, 0, 0, 0, 10, 0, 40, 0, 0, 0, 0, 0, 0, 0, 0, 0, 5, 5, 10, 0, 0, 0, 0, 0, 0, 30, 0, 0, 0, 0, 0, 0, 0, 0, 0, 0, 5, 0, 0, 0, 0, 0, 0, 40, 50, 0, 0, 0, 40, 50, 0, 0, 0, 0, 40, 50, 0, 0, 30, 0, 30, 0, 40, 40, 0, 0, 0, 0, 0, 0, 30, 0, 40, 0, 0, 0, 0, 0, 40, 0, 0, 0, 40, 0, 0, 0, 0, 0, 0, 0, 5, 0, 0, 0, 20, 10, 0, 0, 0, 0, 0, 0, 0, 0, 0, 0, 5, 0, 5, 0, 0, 0, 0, 0, 30, 0, 0, 0, 0, 0, 0, 0, 0, 0, 0, 0, 0, 1, 0, 0, 0, 0, 30, 0, 0, 0, 0, 0, 0, 0, 0, 0, 30, 50, 0, 0, 0, 10, 0, 0, 0, 0, 0, 40, 0, 0, 0, 5, 0, 0, 0, 0, 0, 10, 0, 30, 0, 30, 0, 0, 0, 0, 0, 5, 20, 0, 0, 0, 0, 0, 0, 0, 0, 0, 0, 0, 0, 0, 0, 0, 0, 0, 30, 0, 0, 0, 70, 0, 0, 40, 0, 0, 30, 0, 0, 0, 0, 0, 0, 0, 0, 0, 0, 0, 0, 10, 0, 0, 5, 5, 0, 0, 0, 0, 0, 0, 5, 0, 0, 0, 0, 0, 5, 0, 5, 0, 5, 0, 25, 0, 0, 0, 0, 0, 5]"
6,Pumpkin,Orange & White Tabby,Spacey,しろちゃとらさん,茶トラ白,きょとんさん,90,6,TRUE,TRUE,6,100,20,img_neko_06,,"[10, 24, 48, 10, 60, 50, 90]","[50, 2, 4]","[1, 1, 1, 1, 1, 0, 0, 0, 0, 0, 50, 80, 0, 0, 0, 0, 40, 40, 0, 30, 0, 50, 0, 0, 50, 0, 0, 0, 0, 15, 0, 0, 0, 40, 0, 30, 0, 0, 0, 0, 50, 0, 0, 0, 0, 0, 20, 0, 0, 0, 0, 20, 0, 0, 0, 20, 0, 0, 0, 0, 0, 0, 0, 0, 0, 0, 0, 0, 20, 0, 0, 0, 0, 0, 0, 0, 0, 0, 0, 0, 0, 0, 0, 50, 20, 0, 0, 0, 0, 0, 0, 0, 0, 0, 0, 0, 0, 0, 25, 0, 0, 0, 0, 0, 0, 0, 0, 0, 0, 0, 0, 0, 0, 0, 50, 0, 0, 0, 0, 0, 50, 0, 0, 0, 0, 50, 0, 0, 0, 0, 0, 0, 30, 20, 0, 0, 0, 0, 0, 0, 0, 0, 0, 40, 0, 0, 0, 40, 40, 40, 0, 40, 40, 40, 0, 0, 20, 20, 0, 0, 0, 0, 0, 30, 0, 0, 0, 0, 0, 0, 0, 30, 0, 0, 20, 0, 20, 0, 15, 0, 0, 0, 0, 50, 50, 0, 50, 10, 30, 0, 30, 0, 20, 5, 5, 10, 10, 0, 0, 0, 0, 15, 20, 20, 0, 0, 15, 0, 0, 0, 0, 80, 0, 0, 30, 40, 0, 25, 0, 0, 0, 0, 0, 0, 0, 0, 10, 0, 30, 0, 0, 40, 0, 0, 30, 0, 0, 0, 0, 0, 0, 30, 0, 0, 0, 0, 0, 0, 0, 0, 0, 0, 0, 0, 0, 0, 0, 0, 0, 50, 0, 0, 0, 0, 80, 0, 0, 0, 0, 10, 0, 30, 30, 0, 20, 0, 0, 0, 0, 0, 30, 20, 0, 20, 20, 20, 0, 20, 30, 0, 0, 5, 0, 10, 0, 0, 5, 35, 5, 0, 0, 0, 0, 16, 20, 0, 0, 0, 0, 0, 0, 0, 0]"
7,Callie,Calico,Carefree,みけさん,三毛,のんびり,50,7,TRUE,TRUE,7,75,100,img_neko_07,,"[5, 15, 48, 10, 60, 50, 100]","[50, 0, 5]","[10, 1, 1, 1, 1, 0, 0, 0, 0, 0, 0, 0, 0, 0, 30, 0, 0, 0, 0, 0, 0, 100, 0, 0, 30, 0, 0, 0, 30, 0, 0, 0, 0, 0, 0, 0, 120, 0, 120, 0, 0, 0, 50, 0, 0, 0, 0, 20, 0, 0, 0, 0, 10, 0, 0, 0, 0, 30, 0, 30, 0, 30, 0, 30, 0, 0, 10, 10, 20, 80, 50, 50, 0, 20, 0, 15, 0, 0, 10, 0, 0, 0, 0, 0, 20, 30, 30, 30, 30, 50, 30, 0, 0, 0, 0, 0, 20, 0, 0, 0, 0, 0, 0, 0, 30, 0, 0, 0, 0, 0, 30, 0, 0, 0, 0, 30, 0, 0, 0, 0, 0, 30, 0, 0, 0, 0, 0, 0, 0, 0, 0, 0, 0, 0, 0, 0, 20, 0, 0, 0, 0, 0, 0, 0, 0, 0, 0, 0, 0, 0, 0, 0, 0, 0, 0, 0, 5, 5, 0, 0, 0, 0, 0, 0, 0, 0, 0, 0, 0, 0, 0, 0, 0, 0, 0, 0, 0, 0, 0, 0, 5, 0, 0, 0, 100, 0, 70, 0, 20, 20, 0, 0, 0, 0, 0, 1, 100, 0, 0, 30, 0, 30, 30, 30, 0, 0, 0, 0, 70, 70, 70, 0, 25, 25, 25, 25, 0, 0, 0, 0, 0, 0, 30, 0, 0, 0, 10, 0, 60, 45, 60, 25, 0, 0, 0, 0, 40, 30, 0, 0, 0, 0, 0, 0, 0, 0, 0, 0, 0, 0, 0, 30, 0, 30, 0, 0, 0, 0, 0, 0, 0, 0, 70, 0, 0, 0, 20, 0, 0, 0, 0, 0, 0, 0, 0, 0, 30, 0, 0, 0, 0, 0, 0, 0, 0, 15, 30, 20, 0, 30, 0, 0, 0, 20, 5, 0, 0, 0, 0, 0, 50, 0, 45, 33, 0, 0, 0, 0, 0, 0, 0, 0, 45]"
8,Tabitha,Calico Tabby,Leisurely,しまみけさん,縞三毛,スローライフ,40,8,TRUE,TRUE,8,95,80,img_neko_08,,"[4, 15, 43, 10, 60, 45, 95]","[50, 0, 6]","[5, 1, 1, 1, 1, 0, 0, 0, 0, 0, 0, 50, 0, 0, 0, 30, 30, 30, 0, 40, 0, 50, 0, 0, 30, 30, 0, 0, 0, 0, 0, 0, 0, 0, 0, 30, 50, 60, 60, 0, 40, 0, 0, 0, 30, 0, 0, 20, 0, 20, 0, 0, 0, 10, 0, 0, 0, 40, 0, 40, 0, 40, 0, 40, 15, 0, 20, 10, 10, 70, 70, 70, 0, 30, 0, 10, 0, 0, 40, 0, 15, 0, 0, 50, 30, 20, 40, 40, 40, 50, 60, 0, 0, 0, 0, 0, 0, 0, 0, 0, 0, 0, 0, 0, 40, 0, 0, 0, 0, 0, 30, 0, 0, 0, 0, 30, 0, 0, 0, 0, 0, 30, 0, 0, 0, 0, 0, 0, 0, 0, 0, 0, 0, 0, 0, 0, 15, 0, 0, 0, 0, 0, 0, 0, 0, 0, 0, 0, 0, 0, 0, 0, 0, 0, 0, 0, 0, 0, 10, 10, 0, 0, 0, 0, 0, 0, 0, 0, 0, 0, 0, 0, 30, 0, 0, 0, 0, 0, 0, 10, 0, 0, 0, 0, 100, 50, 70, 30, 50, 0, 0, 0, 0, 0, 0, 1, 30, 20, 5, 0, 0, 15, 30, 0, 0, 0, 0, 15, 80, 80, 80, 50, 30, 30, 30, 30, 0, 0, 15, 0, 15, 0, 0, 15, 0, 10, 0, 80, 60, 60, 70, 30, 0, 0, 40, 0, 30, 30, 0, 0, 0, 30, 0, 0, 0, 0, 0, 0, 0, 0, 0, 60, 0, 50, 0, 0, 0, 0, 0, 0, 0, 60, 60, 60, 0, 0, 0, 15, 0, 30, 20, 50, 10, 20, 20, 30, 0, 0, 0, 0, 0, 0, 0, 0, 0, 0, 20, 30, 30, 0, 40, 0, 0, 25, 5, 0, 0, 0, 0, 60, 0, 0, 60, 0, 0, 0, 0, 0, 0, 0, 21, 0, 60]"
9,Bandit,Tortoiseshell,Wild at Heart,さびがらさん,サビ,わいるど,180,9,TRUE,TRUE,9,80,0,img_neko_09,,"[3, 14, 40, 30, 60, 42, 100]","[70, 0, 1]","[1, 1, 1, 1, 1, 0, 0, 0, 0, 0, 0, 0, 0, 0, 0, 0, 0, 0, 0, 0, 0, 0, 130, 0, 0, 0, 30, 30, 0, 0, 0, 0, 30, 0, 0, 0, 0, 0, 0, 0, 0, 0, 0, 0, 0, 20, 0, 0, 10, 0, 0, 0, 0, 0, 0, 0, 0, 0, 0, 0, 0, 0, 0, 30, 0, 5, 0, 0, 0, 5, 0, 0, 0, 0, 0, 0, 0, 0, 0, 5, 0, 0, 0, 0, 0, 0, 0, 50, 0, 60, 0, 30, 30, 0, 0, 0, 0, 0, 0, 0, 0, 0, 0, 0, 30, 0, 0, 0, 0, 0, 0, 30, 70, 70, 30, 0, 30, 70, 70, 70, 30, 0, 30, 70, 70, 30, 0, 0, 0, 0, 30, 30, 0, 0, 70, 70, 0, 20, 0, 0, 30, 0, 0, 20, 20, 20, 20, 60, 60, 20, 20, 20, 60, 60, 10, 10, 0, 0, 0, 0, 0, 0, 50, 10, 0, 10, 0, 50, 50, 0, 0, 0, 0, 40, 0, 60, 0, 15, 0, 5, 0, 0, 50, 50, 0, 50, 0, 0, 0, 0, 0, 10, 0, 5, 0, 1, 0, 0, 0, 0, 20, 0, 0, 0, 0, 0, 0, 0, 0, 0, 0, 10, 5, 0, 0, 0, 50, 0, 0, 0, 0, 0, 0, 0, 5, 0, 0, 5, 0, 0, 0, 0, 0, 0, 0, 0, 0, 0, 50, 30, 0, 0, 60, 30, 0, 0, 0, 0, 0, 0, 0, 40, 0, 0, 0, 0, 0, 0, 0, 0, 50, 0, 0, 0, 0, 0, 0, 0, 0, 0, 0, 0, 50, 0, 0, 0, 0, 0, 0, 0, 0, 0, 0, 0, 0, 0, 0, 0, 0, 0, 0, 0, 40, 0, 0, 0, 20, 0, 35, 0, 50, 0, 25, 0, 28, 0, 0, 0, 0, 0, 0, 0, 25]"
10,Gabriel,Tuxedo,Diligent,はちわれさん,ハチワレ,しっかりもの,150,10,TRUE,TRUE,10,110,100,img_neko_10,,"[5, 15, 48, 10, 60, 50, 85]","[50, 0, 4]","[1, 1, 1, 1, 1, 0, 0, 0, 0, 0, 0, 0, 0, 50, 0, 0, 0, 0, 0, 0, 0, 0, 0, 100, 0, 0, 0, 0, 0, 20, 0, 70, 0, 0, 30, 0, 50, 30, 50, 50, 100, 0, 0, 0, 0, 0, 0, 0, 0, 0, 20, 0, 0, 0, 0, 0, 0, 0, 0, 0, 0, 0, 0, 0, 0, 0, 0, 0, 0, 0, 0, 0, 0, 0, 0, 0, 0, 0, 0, 0, 0, 50, 30, 0, 0, 0, 0, 0, 0, 0, 0, 0, 0, 0, 0, 0, 0, 0, 0, 0, 25, 20, 0, 0, 0, 0, 0, 0, 0, 0, 20, 0, 0, 0, 0, 20, 0, 0, 0, 0, 0, 20, 0, 0, 0, 0, 20, 20, 20, 0, 0, 0, 0, 0, 0, 0, 20, 0, 20, 0, 0, 0, 0, 0, 0, 0, 0, 0, 0, 0, 0, 0, 0, 0, 0, 0, 0, 0, 0, 0, 0, 0, 0, 40, 0, 0, 0, 0, 0, 0, 0, 0, 0, 0, 10, 0, 15, 0, 0, 0, 0, 0, 0, 50, 50, 0, 0, 0, 0, 0, 0, 0, 0, 0, 0, 1, 0, 20, 30, 0, 0, 0, 0, 20, 0, 0, 0, 10, 50, 50, 0, 0, 0, 30, 0, 30, 0, 0, 0, 20, 30, 0, 0, 0, 0, 0, 5, 0, 0, 0, 50, 30, 0, 0, 0, 10, 20, 20, 0, 0, 0, 0, 0, 0, 0, 0, 0, 0, 0, 0, 0, 0, 0, 0, 0, 0, 0, 0, 0, 0, 0, 50, 50, 0, 0, 30, 0, 0, 50, 0, 0, 0, 0, 0, 0, 0, 10, 0, 0, 0, 10, 0, 15, 0, 25, 0, 20, 0, 0, 0, 0, 0, 0, 0, 0, 0, 0, 12, 0, 0, 0, 0, 0, 33, 10, 25, 0, 0, 0, 0, 0, 0, 0]"
11,Marshmallow,Pointed,Aloof,ぽいんとさん,ポインテッド,つんつん,170,11,TRUE,TRUE,11,150,100,img_neko_11,,"[3, 13, 48, 30, 60, 50, 85]","[70, 1, 5]","[1, 1, 1, 1, 1, 0, 0, 0, 0, 0, 0, 0, 50, 0, 0, 0, 0, 0, 50, 0, 50, 0, 0, 0, 0, 0, 0, 0, 0, 0, 0, 0, 0, 50, 0, 0, 30, 20, 50, 70, 0, 30, 0, 0, 0, 0, 50, 0, 0, 0, 0, 10, 0, 0, 0, 50, 0, 0, 0, 0, 0, 0, 0, 0, 0, 0, 0, 30, 0, 0, 20, 20, 20, 0, 0, 0, 0, 20, 0, 0, 0, 0, 0, 50, 0, 0, 0, 0, 0, 0, 20, 0, 0, 0, 0, 0, 0, 0, 0, 0, 0, 5, 0, 0, 0, 0, 0, 0, 0, 0, 0, 0, 50, 0, 0, 0, 0, 50, 0, 0, 0, 0, 0, 50, 0, 0, 0, 0, 0, 0, 0, 0, 0, 0, 0, 0, 0, 0, 0, 0, 0, 0, 0, 0, 0, 0, 0, 80, 80, 0, 0, 0, 80, 80, 0, 0, 0, 0, 0, 0, 0, 0, 0, 0, 0, 0, 50, 50, 0, 0, 0, 0, 3, 60, 0, 0, 0, 0, 0, 0, 0, 50, 30, 50, 0, 0, 0, 0, 0, 0, 0, 0, 0, 0, 0, 1, 0, 0, 0, 0, 0, 0, 0, 0, 0, 0, 0, 0, 20, 20, 20, 20, 0, 0, 0, 20, 0, 0, 0, 0, 10, 0, 0, 0, 0, 5, 0, 0, 0, 20, 0, 20, 0, 0, 40, 0, 0, 0, 0, 0, 0, 0, 0, 50, 0, 0, 0, 0, 0, 20, 0, 0, 0, 0, 0, 0, 0, 0, 0, 0, 0, 20, 20, 0, 0, 0, 0, 0, 0, 0, 0, 0, 0, 0, 0, 0, 0, 0, 0, 0, 0, 0, 0, 30, 0, 0, 0, 0, 0, 0, 0, 0, 0, 0, 0, 0, 50, 0, 0, 0, 0, 0, 0, 0, 16, 0, 35, 0, 15, 0, 0, 0, 15]"
12,Socks,Black w/White Mitts,Adventurous,くつしたさん,くつした,ぼうけんか,70,12,TRUE,TRUE,12,90,30,img_neko_12,,"[2, 11, 48, 10, 60, 50, 70]","[50, 0, 3]","[1, 1, 1, 1, 1, 0, 0, 0, 0, 0, 0, 50, 0, 0, 0, 0, 60, 40, 0, 30, 0, 30, 100, 50, 0, 0, 0, 0, 0, 0, 10, 120, 0, 100, 0, 25, 0, 0, 0, 0, 0, 0, 0, 30, 0, 30, 0, 0, 0, 0, 0, 0, 0, 0, 0, 0, 0, 0, 0, 10, 0, 15, 0, 10, 0, 15, 0, 0, 0, 0, 0, 0, 0, 0, 0, 0, 0, 0, 0, 0, 0, 0, 0, 30, 0, 0, 10, 0, 10, 30, 0, 20, 20, 0, 60, 0, 0, 0, 0, 0, 0, 0, 0, 0, 10, 0, 0, 0, 0, 0, 0, 0, 100, 120, 150, 0, 0, 100, 120, 120, 150, 0, 0, 100, 120, 150, 0, 0, 0, 20, 150, 150, 0, 0, 120, 100, 100, 120, 0, 20, 150, 0, 0, 80, 80, 80, 80, 160, 160, 80, 80, 80, 160, 160, 0, 0, 0, 0, 0, 0, 0, 0, 60, 30, 0, 0, 0, 0, 0, 0, 0, 10, 0, 0, 0, 0, 0, 0, 5, 15, 0, 30, 0, 0, 80, 50, 0, 0, 0, 0, 0, 5, 0, 0, 0, 20, 20, 0, 0, 0, 50, 0, 20, 0, 0, 0, 0, 0, 0, 0, 0, 10, 0, 0, 0, 10, 0, 0, 30, 0, 0, 0, 0, 0, 10, 0, 0, 0, 0, 0, 0, 10, 0, 20, 30, 0, 0, 0, 80, 70, 0, 20, 20, 40, 0, 0, 0, 0, 0, 0, 0, 10, 0, 0, 0, 0, 0, 20, 0, 0, 100, 0, 0, 0, 10, 0, 0, 0, 0, 0, 0, 0, 0, 0, 0, 0, 0, 0, 0, 0, 0, 0, 0, 0, 0, 0, 0, 0, 25, 0, 10, 5, 0, 0, 0, 0, 0, 0, 0, 0, 15, 0, 5, 0, 0, 0, 0, 0, 0, 0, 0, 0, 0]"
13,Lexy,Grey & White,Expensive Tastes,はいしろさん,灰白,高級志向,100,13,TRUE,TRUE,13,350,100,img_neko_13,,"[0, 18, 53, 30, 65, 55, 80]","[75, 0, 2]","[1, 1, 1, 1, 1, 0, 0, 0, 0, 0, 50, 0, 0, 0, 0, 0, 0, 0, 70, 0, 0, 0, 0, 0, 0, 30, 0, 0, 30, 0, 0, 0, 0, 0, 30, 0, 0, 0, 0, 100, 0, 0, 0, 0, 0, 0, 70, 0, 0, 0, 0, 30, 0, 0, 0, 70, 0, 0, 15, 0, 0, 0, 10, 0, 0, 0, 0, 0, 20, 0, 0, 0, 60, 0, 100, 0, 0, 0, 0, 0, 0, 50, 150, 50, 0, 0, 0, 0, 0, 0, 70, 0, 0, 30, 0, 0, 25, 0, 0, 0, 0, 30, 30, 0, 0, 0, 25, 0, 0, 0, 0, 0, 0, 0, 0, 0, 0, 0, 0, 0, 0, 0, 0, 0, 0, 0, 0, 50, 50, 50, 50, 50, 5, 5, 0, 0, 0, 0, 50, 50, 50, 0, 0, 0, 0, 0, 0, 0, 0, 0, 0, 0, 0, 0, 5, 5, 0, 0, 0, 0, 0, 0, 0, 0, 0, 0, 0, 0, 0, 0, 20, 0, 0, 0, 0, 0, 0, 0, 0, 0, 0, 0, 0, 100, 50, 0, 30, 0, 0, 30, 3, 0, 3, 0, 0, 1, 0, 5, 5, 15, 0, 0, 0, 100, 20, 0, 0, 10, 0, 0, 0, 30, 0, 0, 0, 30, 0, 0, 0, 0, 10, 0, 0, 0, 0, 15, 0, 0, 30, 0, 25, 0, 0, 0, 60, 0, 20, 0, 0, 0, 0, 0, 0, 0, 0, 0, 0, 50, 70, 50, 0, 0, 0, 0, 0, 0, 0, 0, 0, 0, 0, 0, 0, 0, 70, 50, 20, 20, 20, 40, 50, 30, 0, 0, 0, 0, 0, 100, 0, 0, 0, 0, 0, 25, 40, 25, 0, 0, 0, 0, 0, 3, 0, 5, 0, 10, 5, 35, 5, 0, 0, 45, 0, 0, 0, 50, 0, 0, 0, 0, 0, 0, 0]"
14,Bolt,Brown Tabby,Insatiable,きじとらさん,キジトラ,食欲のおに,140,14,TRUE,TRUE,14,230,50,img_neko_14,,"[3, 12, 48, 30, 60, 50, 20]","[80, 5, 5]","[2, 1, 1, 1, 1, 0, 0, 0, 0, 0, 0, 0, 0, 0, 0, 0, 0, 0, 0, 20, 0, 60, 0, 0, 0, 0, 0, 0, 20, 0, 0, 0, 0, 0, 0, 40, 70, 80, 60, 0, 0, 0, 0, 30, 0, 50, 0, 0, 0, 70, 0, 0, 0, 0, 0, 0, 0, 0, 0, 0, 0, 0, 80, 0, 0, 70, 0, 0, 0, 20, 20, 20, 0, 0, 0, 70, 0, 0, 0, 80, 0, 0, 0, 0, 0, 0, 0, 0, 0, 0, 0, 0, 0, 0, 0, 0, 0, 0, 10, 0, 0, 0, 70, 0, 0, 0, 0, 0, 0, 0, 20, 0, 0, 0, 0, 20, 0, 0, 0, 0, 0, 20, 0, 0, 0, 0, 0, 0, 0, 0, 0, 0, 0, 0, 0, 0, 100, 0, 150, 120, 100, 0, 0, 0, 0, 0, 0, 0, 0, 0, 0, 0, 0, 0, 50, 50, 50, 50, 0, 0, 50, 50, 0, 0, 70, 0, 0, 0, 0, 0, 0, 0, 5, 0, 80, 20, 100, 0, 0, 0, 0, 0, 0, 0, 50, 0, 50, 30, 0, 0, 0, 0, 0, 0, 0, 15, 25, 50, 50, 70, 0, 10, 30, 30, 0, 0, 50, 70, 50, 50, 50, 0, 0, 0, 0, 0, 0, 30, 0, 0, 0, 0, 0, 0, 0, 3, 0, 30, 20, 0, 0, 0, 0, 15, 0, 0, 0, 0, 0, 0, 0, 0, 0, 0, 0, 0, 0, 0, 0, 0, 20, 0, 20, 0, 20, 20, 20, 0, 0, 0, 0, 50, 50, 50, 0, 0, 0, 0, 0, 0, 0, 30, 20, 50, 50, 0, 0, 0, 0, 0, 0, 0, 0, 0, 0, 0, 0, 0, 40, 0, 0, 5, 0, 0, 50, 0, 0, 80, 5, 0, 0, 0, 0, 0, 80, 40, 0, 40, 0, 40, 0, 0, 0]"
15,Breezy,Brown & White Tabby,Laid Back,しろきじさん,キジトラ白,まったり,30,15,TRUE,TRUE,15,85,100,img_neko_15,,"[7, 19, 40, 10, 60, 42, 100]","[40, 3, 2]","[5, 5, 5, 5, 5, 0, 0, 0, 0, 0, 0, 0, 0, 0, 0, 0, 15, 0, 0, 0, 0, 70, 0, 0, 50, 30, 0, 0, 0, 0, 0, 0, 40, 0, 0, 60, 100, 80, 70, 0, 0, 0, 50, 30, 30, 0, 0, 0, 10, 10, 0, 0, 0, 0, 0, 0, 0, 0, 5, 0, 0, 0, 0, 25, 20, 0, 0, 0, 50, 20, 20, 20, 0, 30, 0, 40, 15, 15, 30, 0, 20, 0, 0, 0, 0, 20, 0, 30, 0, 0, 30, 10, 10, 0, 0, 10, 10, 10, 0, 0, 0, 0, 0, 0, 30, 0, 0, 0, 0, 0, 20, 0, 0, 0, 0, 20, 0, 0, 0, 0, 0, 20, 0, 0, 0, 0, 0, 0, 0, 0, 0, 0, 0, 0, 0, 0, 15, 0, 0, 0, 0, 0, 0, 0, 0, 0, 0, 0, 0, 0, 0, 0, 0, 0, 0, 0, 0, 0, 5, 5, 0, 0, 0, 0, 0, 0, 0, 0, 0, 0, 30, 0, 0, 0, 0, 0, 0, 0, 0, 75, 100, 0, 0, 0, 70, 0, 0, 0, 20, 20, 0, 0, 0, 0, 0, 1, 0, 0, 0, 15, 10, 20, 0, 0, 20, 0, 0, 0, 50, 50, 50, 0, 0, 0, 0, 0, 10, 10, 10, 10, 10, 10, 10, 10, 0, 0, 3, 50, 20, 20, 20, 0, 0, 10, 0, 0, 60, 70, 0, 0, 0, 0, 0, 0, 0, 0, 0, 10, 0, 0, 0, 0, 0, 40, 0, 0, 10, 10, 10, 0, 0, 50, 50, 50, 0, 0, 0, 0, 0, 0, 20, 70, 0, 0, 0, 60, 100, 0, 0, 0, 0, 0, 0, 0, 0, 10, 0, 20, 60, 0, 0, 0, 0, 30, 10, 0, 0, 0, 0, 0, 50, 0, 18, 33, 0, 0, 0, 0, 0, 0, 0, 0, 18]"
16,Misty,Mackerel Tabby,Lazy,さばとらさん,サバトラ,めんどくさがり,160,16,TRUE,TRUE,16,190,40,img_neko_16,,"[2, 10, 43, 10, 60, 45, 70]","[40, 7, 2]","[5, 5, 5, 5, 5, 0, 0, 0, 0, 0, 0, 0, 0, 0, 0, 0, 0, 15, 0, 0, 0, 100, 0, 0, 0, 0, 0, 10, 0, 0, 0, 0, 0, 0, 0, 0, 80, 50, 70, 0, 0, 100, 0, 0, 0, 0, 0, 50, 0, 0, 5, 5, 5, 5, 5, 0, 0, 0, 0, 0, 0, 0, 0, 0, 0, 0, 70, 0, 0, 0, 0, 0, 0, 10, 0, 0, 0, 30, 0, 0, 0, 0, 30, 0, 20, 0, 0, 0, 0, 0, 0, 0, 0, 0, 0, 0, 0, 0, 0, 0, 0, 0, 0, 0, 0, 0, 0, 0, 0, 0, 0, 0, 0, 0, 0, 0, 0, 0, 0, 0, 0, 0, 0, 0, 0, 0, 30, 0, 0, 0, 0, 0, 0, 0, 0, 0, 0, 0, 0, 0, 0, 0, 0, 0, 0, 0, 0, 0, 0, 0, 0, 0, 0, 0, 0, 0, 0, 0, 0, 0, 0, 0, 0, 0, 0, 0, 0, 0, 0, 0, 0, 0, 0, 0, 0, 0, 0, 0, 0, 0, 0, 30, 0, 0, 50, 30, 0, 20, 0, 30, 0, 0, 0, 0, 0, 1, 15, 0, 0, 0, 0, 30, 0, 0, 30, 0, 0, 0, 0, 0, 0, 0, 0, 0, 50, 0, 0, 0, 10, 0, 10, 0, 0, 10, 0, 3, 0, 0, 0, 10, 0, 0, 0, 0, 0, 5, 50, 40, 0, 0, 0, 0, 0, 0, 0, 0, 0, 0, 0, 0, 0, 0, 0, 0, 50, 30, 30, 0, 0, 0, 0, 0, 0, 0, 0, 0, 0, 0, 0, 20, 0, 0, 70, 0, 0, 20, 20, 10, 0, 0, 0, 10, 10, 0, 0, 0, 20, 0, 0, 0, 0, 0, 0, 0, 0, 0, 0, 0, 0, 0, 0, 10, 0, 0, 0, 0, 0, 50, 0, 25, 0, 0, 0]"
17,Pickles,Gray & White Tabby,Faint-Hearted,しろさばさん,サバトラ白,びびり,0,17,TRUE,TRUE,17,200,100,img_neko_17,,"[2, 10, 48, 10, 60, 50, 30]","[50, 15, 1]","[5, 5, 5, 5, 5, 0, 0, 0, 0, 0, 0, 0, 50, 0, 0, 0, 0, 0, 0, 0, 50, 0, 50, 0, 10, 10, 0, 0, 0, 0, 0, 0, 0, 0, 0, 0, 0, 0, 0, 30, 0, 0, 30, 0, 20, 0, 0, 0, 0, 0, 0, 0, 0, 0, 0, 0, 20, 0, 20, 0, 20, 0, 20, 0, 5, 0, 0, 0, 0, 0, 0, 0, 0, 0, 0, 0, 0, 0, 0, 0, 5, 100, 0, 0, 0, 20, 0, 0, 0, 0, 0, 0, 0, 0, 0, 0, 0, 0, 0, 0, 0, 70, 30, 0, 0, 0, 0, 0, 0, 0, 50, 0, 0, 0, 0, 50, 0, 0, 0, 0, 0, 50, 0, 0, 0, 0, 0, 0, 0, 0, 0, 0, 30, 20, 0, 0, 30, 0, 0, 0, 0, 0, 0, 0, 100, 100, 100, 0, 0, 0, 100, 0, 0, 0, 0, 0, 0, 50, 0, 0, 0, 0, 0, 0, 0, 30, 30, 0, 0, 0, 0, 0, 0, 0, 0, 0, 0, 30, 0, 20, 0, 0, 0, 0, 50, 30, 30, 0, 0, 0, 30, 30, 20, 15, 0, 1, 10, 0, 0, 20, 0, 0, 0, 0, 0, 0, 10, 0, 0, 0, 30, 0, 0, 0, 0, 30, 0, 0, 30, 0, 0, 0, 0, 0, 0, 2, 0, 20, 0, 0, 0, 10, 0, 0, 0, 0, 0, 0, 0, 0, 0, 0, 0, 0, 0, 0, 0, 0, 0, 0, 0, 0, 0, 0, 0, 0, 0, 0, 0, 0, 0, 0, 0, 30, 0, 0, 0, 0, 0, 0, 20, 30, 0, 0, 0, 0, 0, 0, 0, 50, 0, 0, 10, 0, 25, 0, 0, 5, 0, 0, 0, 10, 0, 0, 20, 5, 0, 12, 0, 0, 0, 50, 0, 20, 0, 0, 18, 0, 0, 0, 0, 0, 0]"
18,Pepper,Black w/Odd Eyes,Shy,おっどさん,黒(オッドアイ),人見知り,165,18,TRUE,TRUE,18,140,100,img_neko_18,,"[0, 5, 13, 50, 50, 15, 90]","[95, 1, 1]","[10, 1, 1, 1, 1, 0, 0, 0, 0, 0, 0, 0, 0, 0, 0, 0, 0, 0, 0, 0, 0, 0, 20, 0, 0, 10, 0, 10, 0, 0, 0, 0, 0, 0, 10, 0, 0, 0, 10, 10, 0, 0, 20, 40, 0, 0, 0, 0, 0, 0, 0, 0, 0, 0, 0, 0, 20, 0, 30, 0, 20, 0, 25, 0, 0, 30, 0, 0, 0, 0, 0, 0, 0, 0, 5, 0, 0, 0, 0, 20, 0, 50, 0, 0, 0, 0, 0, 0, 0, 20, 0, 15, 0, 0, 15, 0, 0, 0, 0, 0, 0, 50, 5, 60, 0, 0, 0, 0, 0, 0, 0, 0, 0, 0, 0, 0, 0, 0, 0, 0, 0, 0, 0, 0, 0, 0, 0, 0, 0, 0, 0, 0, 30, 20, 0, 0, 0, 0, 0, 0, 0, 0, 0, 60, 0, 0, 30, 0, 0, 0, 0, 0, 0, 0, 0, 0, 0, 0, 0, 0, 0, 0, 0, 0, 0, 0, 0, 0, 0, 0, 30, 0, 0, 0, 0, 0, 0, 0, 0, 5, 5, 30, 30, 30, 10, 0, 10, 0, 50, 0, 30, 0, 20, 3, 5, 1, 0, 0, 0, 20, 30, 0, 0, 5, 15, 0, 10, 0, 0, 0, 0, 20, 0, 0, 0, 50, 0, 0, 0, 0, 0, 0, 0, 10, 0, 2, 0, 0, 0, 0, 0, 40, 0, 0, 0, 0, 10, 0, 20, 15, 0, 0, 0, 0, 0, 0, 0, 0, 0, 0, 0, 0, 0, 0, 0, 0, 0, 0, 0, 0, 0, 0, 0, 0, 0, 0, 0, 0, 0, 0, 0, 20, 0, 0, 0, 0, 0, 5, 0, 0, 0, 0, 0, 0, 5, 0, 0, 0, 0, 15, 0, 0, 0, 0, 0, 0, 0, 0, 0, 45, 0, 10, 0, 13, 0, 15, 0, 0, 0, 0, 0, 0, 0]"
19,Patches,Orange Patches,Jealous,ぶちさん,茶ぶち,やきもち焼き,80,19,TRUE,TRUE,19,180,100,img_neko_19,,"[4, 18, 42, 10, 60, 45, 95]","[50, 0, 2]","[10, 1, 1, 1, 1, 0, 0, 0, 0, 0, 0, 0, 0, 0, 20, 0, 0, 0, 20, 0, 0, 0, 0, 0, 0, 70, 0, 0, 0, 0, 0, 0, 0, 0, 0, 0, 20, 0, 0, 0, 20, 20, 20, 0, 0, 0, 0, 0, 0, 30, 0, 0, 20, 20, 20, 0, 0, 0, 0, 0, 0, 0, 0, 0, 0, 10, 20, 0, 0, 0, 20, 0, 0, 10, 0, 10, 15, 20, 15, 10, 0, 0, 0, 0, 20, 20, 0, 0, 30, 0, 0, 0, 0, 0, 0, 0, 15, 0, 0, 15, 0, 0, 0, 0, 0, 0, 20, 0, 0, 0, 0, 0, 0, 0, 0, 0, 0, 0, 0, 20, 0, 0, 0, 20, 20, 0, 0, 0, 0, 0, 0, 0, 0, 0, 20, 15, 0, 0, 0, 0, 0, 0, 0, 0, 0, 0, 0, 0, 0, 0, 0, 0, 0, 0, 0, 0, 0, 0, 0, 0, 0, 0, 0, 0, 0, 0, 0, 0, 0, 0, 0, 0, 0, 0, 0, 20, 0, 0, 0, 0, 0, 0, 0, 30, 20, 0, 0, 0, 0, 0, 0, 0, 0, 0, 0, 1, 0, 0, 0, 0, 0, 0, 0, 0, 0, 0, 0, 0, 0, 0, 50, 0, 0, 30, 0, 0, 0, 0, 0, 0, 0, 0, 20, 0, 0, 0, 10, 20, 20, 0, 0, 0, 0, 0, 0, 0, 0, 0, 0, 0, 0, 0, 0, 0, 0, 0, 0, 0, 0, 80, 0, 0, 0, 0, 0, 0, 0, 0, 0, 20, 0, 40, 0, 0, 0, 20, 0, 0, 0, 20, 0, 0, 0, 0, 0, 0, 0, 0, 0, 40, 0, 0, 0, 0, 0, 0, 30, 30, 0, 0, 0, 0, 0, 0, 0, 30, 0, 0, 5, 0, 0, 40, 0, 20, 0, 0, 0, 17, 0, 0, 0, 0, 0]"
20,Gozer,Tortoiseshell Tabby,Sore Loser,とーびーさん,トービー,負けず嫌い,155,20,TRUE,TRUE,20,115,25,img_neko_20,,"[3, 9, 42, 30, 60, 45, 95]","[70, 3, 2]","[10, 1, 1, 1, 1, 0, 0, 0, 0, 0, 50, 0, 0, 50, 0, 0, 0, 0, 0, 0, 0, 0, 0, 100, 0, 0, 50, 0, 20, 0, 10, 70, 30, 0, 0, 0, 0, 10, 0, 0, 0, 0, 100, 0, 0, 0, 0, 10, 0, 0, 0, 0, 0, 0, 0, 0, 0, 0, 0, 0, 0, 0, 0, 0, 0, 0, 0, 0, 70, 0, 0, 0, 0, 0, 0, 0, 0, 0, 0, 0, 0, 0, 30, 50, 0, 0, 0, 0, 0, 0, 0, 0, 0, 0, 0, 0, 0, 0, 0, 0, 0, 0, 0, 0, 0, 0, 0, 20, 0, 0, 0, 20, 0, 0, 20, 0, 0, 20, 0, 0, 0, 0, 20, 0, 0, 0, 0, 0, 0, 30, 20, 20, 0, 0, 0, 0, 0, 0, 0, 30, 20, 0, 0, 0, 0, 0, 0, 0, 0, 0, 0, 0, 0, 0, 0, 0, 0, 0, 0, 0, 0, 0, 10, 20, 0, 0, 0, 0, 0, 50, 0, 30, 30, 0, 0, 0, 0, 0, 30, 0, 0, 0, 0, 0, 30, 0, 0, 0, 0, 0, 0, 0, 0, 0, 0, 20, 0, 0, 0, 0, 0, 0, 0, 0, 0, 0, 0, 0, 0, 0, 0, 50, 0, 0, 30, 0, 30, 0, 0, 30, 0, 30, 0, 0, 10, 0, 0, 0, 0, 30, 0, 0, 0, 0, 50, 0, 0, 0, 0, 0, 0, 30, 0, 0, 0, 0, 0, 0, 0, 0, 0, 0, 0, 0, 0, 0, 0, 0, 0, 0, 20, 0, 0, 0, 50, 0, 0, 0, 0, 0, 0, 0, 0, 10, 0, 0, 0, 0, 0, 0, 0, 0, 0, 15, 15, 15, 0, 0, 0, 0, 0, 20, 0, 20, 0, 0, 0, 0, 0, 15, 0, 0, 0, 66, 0, 0, 0, 0, 0, 0, 0, 0, 30]"
21,Cocoa,Brown Tuxedo,Indecisive,ちゃはちさん,茶ハチワレ,優柔不断,45,21,TRUE,TRUE,21,100,50,img_neko_21,,"[2, 11, 42, 10, 60, 45, 70]","[50, 0, 2]","[10, 1, 1, 1, 1, 0, 0, 0, 0, 0, 0, 30, 30, 0, 0, 0, 30, 30, 0, 20, 30, 50, 0, 0, 30, 0, 0, 0, 0, 0, 0, 10, 10, 10, 10, 30, 10, 10, 10, 10, 10, 10, 10, 10, 10, 10, 0, 5, 5, 0, 10, 10, 10, 10, 10, 0, 0, 15, 0, 10, 0, 15, 0, 15, 10, 0, 10, 10, 10, 15, 15, 15, 0, 5, 0, 5, 10, 10, 10, 0, 10, 0, 0, 0, 0, 0, 15, 15, 15, 15, 0, 10, 10, 10, 10, 5, 5, 5, 5, 5, 5, 0, 0, 0, 15, 5, 5, 5, 0, 0, 0, 0, 0, 0, 0, 0, 0, 0, 0, 0, 0, 0, 0, 0, 0, 0, 5, 0, 0, 5, 0, 0, 0, 0, 0, 0, 5, 5, 5, 5, 5, 0, 0, 10, 10, 10, 10, 10, 10, 10, 10, 10, 10, 10, 10, 10, 10, 10, 10, 10, 10, 10, 5, 5, 5, 0, 0, 0, 0, 0, 20, 0, 0, 0, 0, 0, 0, 0, 0, 15, 15, 10, 10, 10, 0, 0, 40, 0, 0, 0, 0, 0, 0, 0, 0, 1, 0, 0, 0, 0, 0, 0, 0, 0, 0, 0, 0, 0, 20, 20, 20, 20, 0, 0, 0, 50, 0, 0, 20, 0, 20, 0, 0, 20, 0, 5, 0, 30, 0, 20, 20, 40, 0, 10, 0, 10, 10, 10, 0, 0, 0, 20, 10, 0, 10, 10, 10, 10, 10, 10, 0, 10, 0, 10, 10, 10, 10, 15, 15, 0, 0, 20, 20, 20, 20, 15, 15, 15, 15, 0, 0, 0, 0, 5, 5, 10, 10, 10, 0, 0, 0, 5, 5, 10, 10, 10, 10, 10, 30, 0, 0, 0, 0, 0, 0, 0, 0, 0, 0, 0, 0, 5, 15, 0, 0, 0, 0, 0, 0, 0, 0, 0, 20]"
22,Princess,Striped Torbie,Ditzy,むぎわらさん,麦わら,天然,125,34,TRUE,TRUE,22,70,30,img_neko_22,,"[7, 11, 40, 10, 60, 42, 100]","[50, 15, 3]","[10, 1, 1, 1, 1, 0, 0, 0, 0, 0, 0, 0, 0, 0, 30, 0, 0, 0, 0, 0, 0, 0, 0, 25, 0, 0, 25, 0, 0, 0, 0, 0, 20, 0, 0, 0, 0, 0, 0, 0, 0, 15, 0, 0, 0, 25, 20, 0, 50, 0, 0, 20, 0, 0, 0, 15, 0, 0, 0, 0, 0, 0, 0, 10, 15, 0, 0, 60, 0, 0, 0, 0, 20, 30, 0, 0, 15, 20, 0, 0, 15, 0, 0, 0, 0, 0, 0, 10, 0, 30, 20, 0, 0, 0, 0, 0, 0, 0, 0, 30, 0, 0, 0, 0, 10, 30, 0, 0, 0, 0, 0, 20, 0, 0, 0, 0, 0, 0, 0, 0, 0, 0, 0, 0, 0, 0, 0, 0, 0, 0, 0, 0, 15, 5, 0, 0, 0, 10, 0, 0, 0, 0, 0, 30, 0, 0, 30, 0, 0, 0, 0, 30, 0, 0, 0, 0, 30, 30, 0, 0, 0, 20, 0, 0, 20, 0, 0, 30, 0, 0, 0, 0, 0, 40, 0, 0, 0, 0, 0, 0, 0, 0, 0, 5, 0, 15, 0, 0, 0, 0, 15, 15, 5, 10, 20, 10, 0, 0, 0, 0, 0, 0, 0, 0, 0, 0, 20, 0, 0, 0, 0, 10, 0, 0, 0, 0, 0, 30, 0, 0, 0, 0, 0, 0, 5, 0, 0, 0, 10, 0, 0, 0, 0, 0, 0, 0, 15, 0, 0, 0, 0, 50, 0, 0, 20, 0, 0, 0, 0, 0, 0, 0, 0, 0, 0, 0, 0, 0, 0, 0, 0, 0, 0, 0, 0, 0, 0, 0, 0, 0, 0, 0, 0, 0, 10, 0, 0, 0, 0, 0, 0, 25, 0, 0, 0, 0, 0, 0, 0, 20, 0, 0, 20, 10, 0, 20, 20, 0, 0, 30, 30, 0, 5, 0, 0, 0, 0, 0, 15, 0, 0, 0, 0]"
23,Ginger,Red w/White Mitts,Bashful,あかげさん,赤毛,てれ屋,60,35,TRUE,TRUE,23,125,100,img_neko_23,,"[0, 5, 10, 20, 30, 10, 80]","[60, 8, 3]","[10, 1, 1, 1, 1, 0, 0, 0, 0, 0, 0, 0, 0, 0, 20, 0, 0, 0, 0, 0, 0, 0, 80, 0, 0, 0, 0, 50, 0, 0, 0, 0, 0, 0, 0, 0, 0, 0, 0, 0, 0, 0, 0, 0, 0, 10, 20, 5, 0, 0, 0, 0, 0, 0, 0, 15, 20, 0, 20, 0, 20, 0, 20, 0, 0, 30, 5, 0, 0, 10, 0, 0, 20, 0, 0, 0, 0, 0, 5, 30, 0, 30, 0, 0, 0, 0, 0, 0, 0, 0, 0, 20, 20, 20, 0, 0, 0, 0, 0, 0, 0, 30, 0, 20, 0, 0, 0, 0, 0, 0, 0, 0, 0, 0, 0, 0, 0, 0, 30, 0, 0, 0, 0, 20, 20, 0, 0, 0, 0, 0, 0, 0, 5, 5, 20, 30, 0, 0, 0, 0, 0, 0, 0, 0, 30, 0, 0, 0, 0, 0, 0, 0, 50, 0, 0, 20, 0, 20, 0, 0, 0, 0, 0, 10, 5, 0, 0, 0, 30, 0, 0, 0, 0, 0, 0, 0, 0, 0, 0, 20, 15, 0, 0, 0, 30, 0, 0, 20, 0, 0, 0, 0, 5, 0, 0, 1, 50, 0, 0, 0, 30, 0, 30, 20, 0, 0, 20, 0, 0, 0, 30, 0, 0, 0, 0, 0, 0, 0, 0, 0, 0, 0, 0, 0, 0, 3, 0, 15, 0, 0, 0, 0, 0, 0, 0, 0, 0, 0, 80, 0, 0, 0, 0, 0, 0, 0, 5, 0, 0, 0, 30, 0, 0, 0, 0, 0, 0, 10, 0, 20, 0, 0, 0, 0, 0, 0, 10, 0, 0, 0, 0, 0, 0, 0, 0, 0, 0, 0, 0, 20, 0, 10, 0, 0, 30, 0, 0, 0, 0, 0, 0, 15, 0, 0, 0, 0, 0, 12, 0, 15, 0, 20, 0, 0, 0, 15, 0, 15, 0, 18, 0, 0, 0]"
24,Peaches,Tan & Orange,Capricious,くりーむさん,クリームぶち,きまぐれ,45,36,TRUE,TRUE,24,400,10,img_neko_24,,"[1, 2, 7, 7, 12, 5, 65]","[40, 1, 10]","[10, 1, 1, 1, 1, 0, 0, 0, 0, 0, 1, 1, 1, 1, 1, 1, 1, 1, 1, 1, 1, 1, 1, 1, 1, 1, 1, 1, 1, 1, 3, 1, 1, 1, 1, 1, 1, 1, 1, 1, 1, 1, 1, 1, 1, 1, 1, 1, 1, 3, 1, 1, 1, 1, 1, 1, 1, 1, 1, 1, 1, 1, 5, 5, 1, 1, 1, 1, 1, 1, 1, 1, 1, 1, 1, 1, 1, 1, 1, 3, 3, 1, 1, 1, 1, 1, 1, 1, 1, 5, 1, 1, 1, 1, 1, 1, 1, 1, 1, 1, 1, 1, 1, 1, 1, 1, 1, 1, 0, 0, 1, 1, 1, 1, 1, 1, 1, 1, 1, 1, 1, 1, 1, 1, 1, 1, 1, 1, 1, 1, 1, 1, 1, 1, 1, 1, 1, 1, 1, 1, 1, 0, 0, 1, 1, 1, 1, 1, 1, 1, 1, 1, 1, 1, 1, 1, 2, 2, 1, 1, 2, 2, 1, 1, 1, 1, 1, 1, 1, 1, 8, 1, 1, 2, 2, 2, 2, 1, 1, 1, 1, 1, 1, 1, 1, 1, 1, 1, 1, 1, 1, 1, 1, 1, 1, 3, 1, 5, 5, 1, 1, 1, 1, 1, 1, 0, 1, 3, 1, 1, 1, 1, 1, 1, 1, 1, 1, 1, 1, 1, 1, 1, 1, 1, 1, 1, 1, 1, 1, 1, 1, 1, 0, 1, 1, 1, 1, 1, 1, 1, 0, 1, 1, 1, 1, 1, 1, 1, 1, 1, 1, 1, 1, 1, 1, 1, 1, 1, 1, 1, 1, 1, 1, 1, 1, 1, 1, 1, 1, 1, 1, 1, 1, 1, 1, 1, 1, 1, 0, 1, 1, 1, 1, 2, 2, 2, 1, 1, 1, 1, 1, 1, 1, 1, 1, 3, 1, 1, 1, 1, 1, 1, 1, 1, 2, 2, 2, 2, 2, 2, 2, 0, 1]"
25,Spud,Red Tortoiseshell,Cautious,あかさびさん,赤サビ,慎重派,80,37,TRUE,TRUE,25,75,150,img_neko_25,,"[0, 24, 5, 0, 30, 10, 60]","[50, 0, 7]","[10, 1, 1, 1, 1, 0, 0, 0, 0, 0, 0, 0, 0, 0, 0, 0, 0, 0, 10, 0, 0, 0, 50, 0, 30, 0, 0, 0, 0, 0, 0, 0, 0, 0, 10, 0, 0, 0, 30, 0, 0, 0, 0, 0, 0, 0, 30, 0, 0, 0, 0, 10, 0, 0, 20, 20, 20, 0, 10, 0, 20, 0, 15, 0, 0, 0, 0, 0, 0, 0, 0, 0, 0, 0, 0, 0, 0, 0, 0, 0, 0, 20, 0, 0, 0, 0, 0, 0, 0, 0, 0, 0, 0, 0, 0, 0, 0, 0, 0, 0, 0, 30, 30, 20, 0, 0, 0, 0, 0, 0, 20, 0, 20, 0, 0, 20, 0, 0, 0, 0, 0, 0, 0, 0, 0, 0, 0, 0, 0, 0, 0, 0, 0, 0, 0, 0, 15, 0, 0, 0, 0, 0, 0, 15, 15, 15, 15, 10, 10, 10, 5, 5, 10, 5, 0, 0, 0, 0, 0, 0, 0, 0, 0, 5, 0, 40, 0, 0, 0, 0, 30, 0, 0, 0, 0, 0, 0, 30, 0, 0, 0, 0, 0, 0, 30, 0, 0, 0, 0, 0, 0, 0, 0, 0, 0, 1, 0, 20, 15, 10, 0, 0, 0, 0, 0, 0, 0, 5, 0, 0, 0, 20, 0, 0, 0, 0, 0, 0, 0, 0, 30, 0, 0, 0, 0, 4, 0, 0, 0, 20, 0, 0, 0, 0, 0, 0, 0, 0, 0, 0, 0, 0, 0, 0, 0, 0, 0, 0, 40, 30, 0, 0, 15, 0, 0, 0, 0, 0, 0, 0, 0, 0, 0, 0, 20, 0, 20, 0, 20, 0, 0, 0, 0, 0, 0, 0, 0, 0, 0, 0, 0, 0, 0, 0, 0, 20, 0, 0, 0, 5, 0, 0, 0, 0, 0, 0, 0, 0, 5, 0, 15, 0, 0, 0, 0, 0, 0, 0, 0, 0, 0, 0, 0]"
26,Mack,White Mackerel,Determined,しろとらさん,白サバトラ,がんばりや,130,38,TRUE,TRUE,26,105,0,img_neko_26,,"[3, 12, 42, 20, 60, 42, 100]","[60, 3, 4]","[10, 1, 1, 1, 1, 0, 0, 0, 0, 0, 30, 20, 10, 20, 5, 15, 0, 0, 0, 0, 10, 15, 0, 20, 0, 0, 10, 0, 0, 40, 0, 0, 10, 10, 20, 10, 0, 0, 0, 0, 0, 0, 0, 20, 0, 0, 0, 0, 0, 20, 0, 0, 0, 0, 0, 0, 0, 0, 0, 0, 0, 0, 0, 0, 15, 0, 0, 0, 0, 0, 0, 0, 0, 0, 0, 0, 0, 0, 0, 0, 15, 0, 0, 0, 0, 0, 0, 0, 0, 0, 0, 0, 0, 30, 0, 0, 0, 0, 0, 0, 0, 0, 0, 0, 0, 0, 0, 15, 0, 0, 0, 10, 0, 0, 10, 0, 0, 10, 0, 0, 0, 0, 15, 0, 0, 0, 5, 10, 10, 5, 10, 10, 0, 0, 0, 0, 0, 0, 10, 5, 10, 0, 0, 0, 0, 0, 0, 0, 0, 0, 0, 0, 0, 20, 0, 0, 0, 0, 0, 0, 0, 0, 0, 0, 0, 5, 5, 10, 5, 0, 0, 5, 50, 20, 30, 0, 30, 5, 10, 5, 5, 0, 15, 0, 0, 0, 0, 0, 0, 0, 0, 0, 0, 0, 10, 5, 0, 0, 0, 0, 0, 0, 0, 0, 0, 0, 0, 0, 5, 5, 0, 0, 0, 0, 0, 0, 20, 0, 0, 0, 0, 0, 0, 0, 5, 0, 0, 5, 0, 5, 0, 0, 0, 0, 0, 0, 0, 0, 0, 0, 0, 0, 0, 10, 0, 0, 0, 0, 0, 0, 0, 0, 0, 0, 0, 0, 0, 0, 0, 0, 10, 5, 5, 0, 0, 0, 0, 0, 0, 0, 0, 0, 10, 0, 0, 0, 0, 0, 0, 0, 0, 0, 0, 0, 0, 0, 0, 0, 10, 0, 0, 0, 0, 10, 10, 0, 5, 12, 0, 0, 0, 0, 0, 0, 36, 0, 0, 0, 0, 0, 0, 0, 0]"
27,Speckles,Black Patches,Lonely,くろぶちさん,黒ぶち,さみしがり,40,39,TRUE,TRUE,27,140,100,img_neko_27,,"[10, 12, 42, 30, 60, 42, 100]","[60, 6, 2]","[10, 1, 1, 1, 1, 0, 0, 0, 0, 0, 0, 0, 10, 0, 0, 10, 0, 0, 0, 0, 10, 0, 0, 0, 10, 20, 10, 0, 10, 10, 0, 0, 10, 0, 10, 0, 0, 0, 0, 0, 0, 0, 0, 0, 0, 15, 0, 10, 0, 0, 0, 0, 15, 15, 15, 0, 0, 0, 0, 0, 0, 0, 0, 0, 10, 0, 0, 0, 0, 15, 15, 15, 0, 0, 0, 0, 0, 0, 15, 0, 10, 0, 0, 0, 30, 30, 0, 0, 0, 0, 0, 0, 0, 0, 0, 0, 0, 0, 0, 20, 20, 0, 0, 0, 0, 0, 20, 0, 0, 0, 10, 15, 20, 10, 10, 10, 10, 10, 10, 10, 10, 10, 10, 10, 10, 10, 0, 20, 20, 0, 0, 0, 0, 0, 10, 10, 0, 10, 20, 0, 0, 0, 0, 15, 15, 15, 15, 12, 12, 12, 10, 10, 10, 10, 0, 0, 0, 0, 50, 0, 15, 15, 15, 15, 0, 0, 0, 0, 0, 0, 5, 0, 0, 0, 0, 50, 0, 0, 0, 0, 0, 0, 0, 0, 0, 0, 5, 0, 3, 3, 0, 0, 0, 0, 0, 1, 0, 0, 0, 0, 0, 10, 0, 0, 3, 0, 0, 0, 15, 15, 15, 0, 5, 5, 5, 5, 5, 5, 5, 5, 5, 5, 5, 5, 0, 0, 30, 15, 15, 15, 15, 5, 0, 0, 0, 0, 0, 0, 0, 0, 0, 0, 0, 0, 0, 0, 0, 0, 0, 0, 0, 0, 0, 0, 0, 0, 0, 15, 15, 15, 15, 15, 15, 15, 0, 0, 10, 0, 0, 30, 30, 0, 0, 0, 0, 15, 0, 0, 0, 0, 0, 0, 0, 25, 0, 0, 35, 35, 0, 0, 0, 10, 15, 0, 0, 0, 5, 0, 20, 0, 0, 0, 0, 0, 10, 0, 0, 0, 0, 0, 0, 0, 0]"
28,Willie,Black Tabby,Crafty,くろとらさん,黒トラ,かしこい,75,41,TRUE,TRUE,28,95,100,img_neko_28,,"[3, 12, 42, 20, 60, 42, 70]","[60, 0, 1]","[10, 1, 1, 1, 1, 0, 0, 0, 0, 0, 0, 0, 30, 0, 0, 0, 0, 0, 0, 0, 25, 0, 0, 30, 20, 0, 0, 0, 0, 30, 0, 0, 0, 0, 20, 0, 0, 0, 0, 0, 0, 0, 0, 20, 0, 0, 0, 0, 0, 0, 0, 0, 20, 20, 20, 0, 0, 0, 5, 0, 5, 0, 0, 0, 0, 0, 0, 0, 0, 0, 0, 0, 0, 0, 0, 0, 0, 0, 0, 0, 0, 0, 0, 0, 0, 0, 0, 0, 0, 0, 30, 0, 0, 0, 0, 20, 0, 0, 20, 0, 0, 0, 0, 0, 0, 20, 0, 0, 0, 0, 0, 0, 0, 0, 0, 0, 0, 0, 0, 0, 0, 0, 0, 0, 0, 0, 0, 0, 0, 20, 0, 0, 0, 0, 0, 0, 0, 0, 0, 20, 0, 0, 0, 0, 0, 0, 0, 0, 0, 0, 0, 0, 0, 0, 0, 0, 0, 0, 0, 0, 0, 0, 0, 0, 0, 0, 0, 0, 0, 0, 5, 0, 0, 0, 0, 0, 0, 0, 0, 0, 0, 30, 0, 0, 0, 0, 40, 0, 0, 0, 0, 0, 0, 0, 0, 1, 0, 0, 0, 30, 0, 0, 0, 0, 0, 0, 0, 0, 0, 0, 0, 30, 0, 0, 0, 0, 0, 0, 0, 0, 20, 0, 0, 0, 0, 10, 0, 0, 0, 0, 10, 0, 0, 0, 0, 0, 0, 0, 0, 0, 0, 0, 0, 0, 0, 0, 0, 0, 0, 0, 0, 0, 0, 0, 0, 0, 0, 0, 0, 0, 0, 0, 0, 0, 10, 0, 0, 0, 0, 0, 0, 40, 0, 0, 0, 0, 0, 0, 0, 0, 0, 0, 0, 0, 0, 0, 15, 0, 0, 0, 0, 0, 0, 0, 0, 0, 0, 0, 0, 0, 0, 0, 0, 0, 0, 0, 0, 0, 0, 0, 0, 0, 10]"
29,Rascal,Grey Tuxedo,Selfish,はいはちさん,灰ハチワレ,わがまま,140,42,TRUE,TRUE,29,70,0,img_neko_29,,"[0, 0, 20, 50, 50, 30, 90]","[95, 2, 3]","[10, 1, 1, 1, 1, 0, 0, 0, 0, 0, 0, 30, 0, 0, 0, 0, 0, 0, 0, 0, 0, 0, 0, 0, 0, 0, 30, 0, 0, 0, 10, 0, 30, 0, 0, 0, 0, 0, 30, 0, 0, 0, 0, 0, 0, 0, 0, 0, 30, 0, 0, 0, 0, 0, 0, 0, 0, 0, 0, 0, 0, 0, 0, 0, 0, 0, 0, 0, 0, 0, 0, 0, 0, 30, 20, 0, 0, 0, 0, 0, 0, 0, 0, 0, 0, 0, 0, 0, 0, 30, 0, 0, 0, 30, 0, 0, 0, 0, 0, 0, 0, 0, 0, 0, 0, 0, 0, 0, 0, 0, 30, 0, 0, 0, 0, 0, 0, 0, 0, 0, 0, 0, 0, 0, 0, 0, 30, 0, 0, 0, 0, 0, 0, 0, 0, 0, 20, 0, 0, 0, 0, 0, 0, 0, 0, 0, 0, 0, 0, 0, 0, 0, 0, 0, 0, 0, 0, 0, 0, 0, 0, 0, 0, 0, 0, 0, 0, 0, 0, 0, 0, 0, 0, 0, 0, 30, 0, 0, 0, 0, 0, 0, 0, 0, 0, 0, 0, 0, 0, 20, 0, 0, 0, 20, 0, 1, 0, 0, 0, 0, 0, 0, 0, 0, 0, 0, 0, 0, 0, 0, 0, 10, 0, 0, 0, 0, 0, 20, 0, 0, 0, 0, 0, 0, 0, 2, 2, 0, 0, 0, 0, 0, 0, 0, 0, 0, 0, 30, 0, 0, 0, 0, 0, 0, 0, 0, 0, 0, 0, 0, 0, 0, 0, 0, 0, 0, 30, 0, 30, 0, 0, 0, 0, 0, 0, 0, 0, 40, 0, 0, 0, 0, 0, 0, 0, 0, 0, 0, 0, 0, 0, 30, 0, 0, 0, 0, 0, 0, 0, 0, 0, 5, 0, 0, 0, 0, 0, 0, 5, 0, 0, 0, 0, 0, 0, 0, 0, 0, 0, 0, 0, 0, 0]"
30,Dottie,White Calico,Friendly,しろみけさん,白三毛,人なつこい,195,45,TRUE,TRUE,30,95,50,img_neko_30,,"[10, 15, 48, 20, 60, 50, 100]","[60, 3, 3]","[10, 1, 1, 1, 1, 0, 0, 0, 0, 0, 0, 0, 0, 0, 0, 0, 0, 0, 50, 0, 0, 0, 0, 0, 0, 0, 0, 0, 0, 0, 0, 30, 0, 0, 15, 0, 15, 15, 15, 30, 0, 0, 0, 0, 0, 30, 50, 0, 0, 25, 0, 0, 0, 0, 0, 60, 0, 10, 0, 20, 0, 10, 0, 20, 20, 0, 20, 20, 0, 0, 0, 0, 45, 0, 15, 0, 40, 0, 30, 0, 20, 0, 0, 0, 0, 0, 15, 15, 30, 20, 0, 0, 0, 0, 0, 0, 0, 0, 0, 0, 0, 0, 30, 10, 10, 0, 0, 0, 0, 0, 0, 0, 0, 0, 0, 0, 0, 0, 0, 0, 0, 0, 0, 0, 0, 0, 30, 15, 0, 0, 0, 0, 0, 0, 0, 0, 40, 0, 0, 0, 0, 0, 0, 0, 0, 0, 0, 0, 0, 0, 0, 0, 0, 0, 15, 15, 15, 15, 15, 15, 0, 15, 0, 0, 30, 0, 0, 0, 0, 0, 0, 0, 0, 20, 15, 50, 15, 0, 0, 0, 0, 0, 0, 0, 0, 0, 0, 0, 0, 0, 0, 0, 0, 0, 0, 1, 0, 20, 20, 30, 15, 30, 0, 0, 0, 0, 0, 20, 0, 0, 0, 0, 30, 30, 25, 0, 0, 0, 0, 0, 0, 0, 15, 15, 0, 0, 0, 0, 25, 0, 20, 0, 0, 0, 0, 0, 30, 30, 0, 0, 0, 0, 0, 0, 30, 20, 20, 30, 10, 10, 0, 20, 0, 0, 0, 0, 0, 0, 0, 0, 0, 0, 0, 0, 30, 0, 0, 0, 0, 10, 5, 20, 0, 0, 0, 30, 0, 0, 0, 0, 0, 0, 0, 0, 0, 0, 0, 15, 0, 10, 0, 0, 0, 5, 0, 30, 5, 0, 20, 15, 15, 0, 15, 0, 30, 15, 25, 0, 0, 0, 0, 0, 10]"
31,Spooky,Grey Tortoiseshell,Reserved,はいさびさん,灰サビ,遠慮がち,35,46,TRUE,TRUE,31,130,100,img_neko_31,,"[20, 10, 5, 3, 1, 1, 85]","[30, 5, 2]","[10, 1, 1, 1, 1, 0, 0, 0, 0, 0, 0, 0, 0, 0, 50, 0, 0, 0, 0, 0, 0, 30, 50, 0, 0, 0, 0, 0, 0, 0, 0, 0, 20, 0, 0, 80, 0, 0, 0, 0, 0, 0, 0, 0, 0, 0, 0, 30, 15, 0, 0, 0, 0, 0, 0, 0, 10, 0, 5, 0, 10, 0, 5, 0, 0, 0, 0, 0, 0, 0, 0, 0, 0, 0, 0, 0, 0, 0, 0, 0, 0, 0, 0, 0, 0, 0, 0, 0, 0, 0, 0, 10, 10, 10, 10, 0, 0, 0, 0, 0, 0, 10, 5, 15, 0, 0, 0, 10, 0, 0, 0, 10, 0, 10, 10, 0, 10, 5, 15, 0, 0, 0, 10, 15, 10, 0, 0, 0, 0, 15, 10, 10, 0, 0, 0, 30, 0, 10, 0, 0, 5, 0, 0, 0, 0, 0, 0, 0, 0, 0, 0, 0, 0, 0, 0, 0, 0, 0, 0, 0, 0, 0, 0, 0, 0, 20, 30, 30, 20, 70, 0, 20, 70, 0, 0, 0, 0, 70, 10, 70, 50, 30, 30, 0, 0, 0, 0, 0, 0, 30, 0, 0, 0, 0, 0, 1, 15, 15, 15, 5, 0, 0, 0, 0, 30, 0, 0, 5, 0, 0, 0, 0, 0, 0, 0, 0, 0, 0, 0, 30, 0, 20, 0, 0, 0, 0, 0, 0, 0, 0, 0, 0, 0, 0, 0, 0, 0, 0, 0, 0, 0, 0, 0, 0, 0, 0, 0, 0, 0, 0, 20, 0, 20, 0, 0, 20, 0, 0, 15, 10, 10, 0, 0, 0, 0, 0, 0, 0, 0, 0, 0, 5, 40, 0, 0, 0, 0, 0, 0, 0, 0, 0, 5, 0, 0, 0, 0, 0, 80, 0, 10, 0, 0, 0, 5, 0, 0, 0, 0, 25, 0, 0, 0, 0, 0, 0, 0, 0, 0, 15, 0, 0, 0]"
32,Apricot,Tan & Orange Tabby,Slacker,くりーむとらさん,クリームタビー,ぐうたら,10,50,TRUE,TRUE,32,120,20,img_neko_32,,"[8, 10, 10, 15, 12, 10, 100]","[80, 30, 2]","[5, 5, 5, 5, 5, 0, 0, 0, 0, 0, 0, 0, 0, 0, 0, 30, 0, 0, 0, 0, 0, 0, 0, 0, 0, 0, 0, 0, 0, 0, 0, 0, 0, 0, 0, 0, 0, 0, 0, 0, 20, 40, 20, 0, 20, 30, 0, 20, 20, 20, 0, 0, 10, 0, 0, 0, 10, 0, 10, 0, 10, 0, 10, 0, 0, 30, 20, 20, 20, 10, 10, 10, 0, 0, 0, 0, 10, 10, 10, 20, 0, 30, 10, 0, 0, 0, 0, 0, 0, 0, 0, 0, 0, 0, 0, 0, 0, 0, 0, 0, 0, 10, 20, 20, 0, 10, 0, 0, 0, 0, 0, 0, 0, 0, 0, 10, 0, 0, 0, 0, 10, 0, 0, 0, 0, 0, 0, 0, 0, 0, 0, 0, 0, 0, 0, 0, 10, 0, 0, 0, 1, 0, 0, 0, 0, 0, 0, 0, 0, 0, 0, 0, 0, 0, 0, 0, 0, 0, 0, 0, 0, 0, 0, 0, 50, 0, 0, 0, 0, 0, 0, 0, 0, 0, 0, 0, 0, 0, 30, 0, 0, 0, 0, 0, 0, 0, 0, 0, 50, 40, 0, 0, 0, 0, 0, 1, 0, 0, 0, 0, 0, 0, 0, 0, 0, 0, 0, 0, 0, 0, 30, 0, 30, 0, 0, 0, 20, 0, 0, 20, 0, 0, 20, 0, 20, 0, 0, 0, 0, 0, 15, 20, 0, 0, 0, 0, 0, 0, 0, 0, 0, 0, 0, 0, 60, 50, 50, 0, 0, 40, 40, 0, 30, 0, 20, 20, 20, 0, 0, 0, 0, 0, 30, 0, 0, 20, 40, 20, 20, 0, 0, 0, 0, 10, 10, 0, 0, 40, 0, 10, 0, 20, 20, 0, 0, 40, 0, 0, 0, 0, 0, 0, 0, 20, 0, 0, 0, 0, 20, 0, 0, 50, 0, 0, 0, 0, 0, 0, 20, 20, 0, 0, 0]"
33,Ganache,Chocolate,Pragmatic,ちょこさん,チョコレート,ドライ,90,51,TRUE,TRUE,33,75,100,img_neko_33,,"[1, 4, 35, 5, 60, 15, 75]","[40, 0, 2]","[5, 5, 5, 5, 5, 0, 0, 0, 0, 0, 0, 0, 20, 0, 0, 0, 0, 0, 0, 0, 10, 0, 0, 0, 0, 0, 50, 0, 0, 0, 50, 0, 20, 0, 0, 0, 0, 0, 0, 0, 0, 0, 0, 10, 0, 0, 0, 0, 0, 0, 10, 10, 0, 0, 0, 0, 0, 0, 0, 0, 0, 0, 0, 0, 0, 0, 0, 0, 0, 0, 0, 0, 0, 0, 0, 0, 0, 0, 0, 0, 0, 0, 0, 0, 0, 0, 20, 20, 20, 20, 0, 10, 10, 30, 50, 0, 0, 50, 0, 0, 50, 0, 0, 0, 0, 0, 0, 50, 0, 0, 0, 0, 0, 0, 50, 0, 0, 80, 0, 0, 0, 0, 50, 80, 0, 0, 0, 0, 0, 60, 50, 50, 0, 0, 0, 0, 0, 0, 0, 0, 80, 0, 0, 0, 0, 0, 0, 0, 0, 0, 0, 0, 0, 0, 0, 0, 0, 0, 0, 0, 0, 0, 0, 0, 0, 0, 0, 0, 0, 0, 0, 0, 0, 0, 0, 0, 0, 0, 0, 0, 0, 30, 20, 40, 0, 0, 0, 0, 0, 0, 0, 0, 0, 0, 0, 1, 0, 20, 20, 20, 0, 0, 0, 0, 0, 0, 0, 20, 0, 0, 0, 80, 0, 0, 0, 30, 0, 0, 0, 0, 0, 0, 0, 0, 0, 0, 0, 0, 0, 0, 0, 30, 0, 0, 0, 10, 0, 0, 5, 0, 0, 0, 0, 0, 0, 0, 0, 0, 0, 0, 0, 0, 0, 0, 0, 0, 0, 0, 0, 0, 50, 0, 0, 0, 0, 0, 0, 0, 0, 0, 0, 10, 0, 0, 0, 0, 0, 0, 0, 0, 0, 0, 0, 0, 0, 0, 0, 0, 0, 15, 0, 10, 0, 0, 0, 0, 0, 0, 0, 30, 0, 0, 20, 0, 0, 0, 0, 0, 0, 0, 0, 0, 20]"
34,Pasty,Pastel Calico,Innocent,うすみけさん,うす三毛,むじゃき,45,54,TRUE,TRUE,34,58,50,img_neko_34,,"[7, 10, 48, 10, 60, 45, 20]","[50, 38, 2]","[5, 5, 5, 5, 5, 0, 0, 0, 0, 0, 0, 0, 0, 0, 0, 0, 0, 0, 0, 0, 0, 80, 80, 0, 0, 0, 0, 60, 0, 0, 0, 0, 0, 0, 0, 0, 0, 0, 0, 0, 0, 0, 0, 0, 0, 0, 0, 0, 0, 0, 0, 0, 0, 0, 0, 0, 0, 0, 0, 0, 0, 0, 0, 0, 0, 0, 15, 0, 0, 0, 0, 0, 0, 20, 0, 0, 0, 0, 15, 0, 0, 0, 0, 0, 0, 0, 0, 0, 0, 0, 0, 0, 0, 0, 0, 0, 0, 0, 0, 0, 0, 0, 0, 0, 0, 0, 0, 0, 0, 0, 0, 0, 0, 0, 0, 0, 0, 0, 0, 0, 0, 0, 0, 5, 0, 0, 0, 0, 0, 0, 0, 0, 0, 0, 0, 0, 0, 0, 0, 0, 0, 0, 0, 0, 0, 0, 0, 0, 0, 0, 0, 0, 0, 0, 0, 0, 0, 0, 0, 0, 15, 0, 0, 40, 0, 0, 0, 0, 0, 0, 0, 0, 0, 0, 0, 0, 0, 0, 0, 0, 0, 0, 0, 0, 0, 100, 50, 50, 0, 0, 0, 50, 0, 50, 50, 40, 0, 0, 0, 0, 0, 0, 0, 0, 0, 0, 0, 0, 0, 0, 0, 0, 0, 15, 0, 0, 0, 0, 0, 0, 0, 0, 0, 0, 0, 0, 0, 15, 0, 30, 0, 0, 0, 0, 0, 0, 0, 0, 0, 0, 0, 0, 0, 0, 0, 0, 10, 10, 0, 0, 0, 0, 0, 0, 0, 0, 0, 0, 0, 0, 0, 0, 0, 0, 0, 0, 0, 0, 0, 0, 0, 100, 60, 0, 0, 0, 0, 0, 0, 40, 0, 0, 0, 0, 0, 0, 0, 0, 0, 0, 0, 0, 30, 25, 20, 0, 0, 0, 0, 0, 15, 40, 0, 0, 0, 0, 0, 0, 0, 0, 0, 0, 0]"
35,Chip,Cap & Saddle,Young master,ふじでこさん,富士額,ぼんぼん,60,55,TRUE,TRUE,35,70,150,img_neko_35,,"[2, 3, 30, 20, 50, 60, 95]","[60, 3, 2]","[5, 5, 5, 5, 5, 0, 0, 0, 0, 0, 0, 0, 0, 0, 0, 0, 0, 0, 0, 0, 0, 0, 0, 0, 0, 0, 0, 0, 0, 0, 0, 0, 0, 0, 0, 0, 0, 0, 0, 0, 0, 0, 0, 80, 0, 0, 0, 0, 40, 0, 100, 80, 0, 0, 30, 0, 0, 0, 0, 0, 0, 0, 0, 0, 0, 0, 0, 0, 0, 0, 0, 0, 0, 0, 15, 0, 0, 0, 0, 0, 0, 0, 0, 40, 0, 30, 0, 0, 0, 0, 0, 0, 0, 0, 0, 0, 0, 0, 0, 0, 0, 0, 0, 0, 0, 0, 0, 0, 0, 0, 0, 0, 0, 0, 0, 0, 0, 0, 0, 0, 0, 0, 0, 0, 0, 0, 0, 0, 0, 0, 0, 0, 0, 0, 0, 0, 0, 0, 0, 0, 0, 0, 0, 0, 0, 0, 0, 0, 0, 0, 0, 0, 0, 0, 0, 0, 0, 0, 0, 10, 0, 0, 0, 0, 0, 0, 0, 0, 0, 0, 0, 50, 0, 0, 0, 0, 0, 0, 50, 0, 0, 0, 0, 0, 0, 0, 0, 0, 0, 10, 0, 0, 0, 0, 0, 1, 0, 0, 0, 0, 0, 0, 0, 0, 0, 0, 0, 0, 0, 0, 0, 0, 0, 0, 0, 0, 0, 0, 20, 0, 0, 0, 0, 0, 10, 0, 0, 0, 0, 0, 0, 0, 0, 40, 15, 80, 0, 0, 0, 0, 0, 0, 0, 0, 0, 0, 0, 30, 0, 0, 0, 0, 0, 0, 0, 10, 0, 0, 0, 0, 0, 0, 0, 0, 0, 0, 0, 0, 0, 0, 0, 0, 0, 0, 0, 0, 0, 0, 0, 0, 100, 30, 0, 0, 0, 0, 30, 5, 0, 0, 0, 0, 0, 0, 5, 0, 0, 0, 0, 0, 0, 0, 0, 0, 0, 0, 0, 0, 0, 0, 0, 0, 0]"
36,Macchiato,Seal Lynx,Sourpuss,とらぽいんとさん,シールリンクス,ひねくれ,115,57,TRUE,TRUE,36,90,100,img_neko_36,,"[1, 1, 40, 30, 60, 55, 85]","[70, 1, 1]","[1, 1, 1, 1, 1, 0, 0, 0, 0, 0, 0, 0, 0, 0, 0, 0, 0, 0, 0, 0, 0, 0, 0, 0, 0, 0, 20, 0, 0, 0, 30, 0, 70, 0, 0, 0, 0, 0, 0, 0, 30, 0, 30, 0, 20, 0, 0, 30, 0, 0, 0, 0, 0, 0, 0, 0, 0, 0, 0, 0, 0, 0, 0, 0, 0, 80, 0, 0, 0, 0, 100, 0, 0, 0, 50, 0, 0, 0, 0, 0, 0, 70, 0, 30, 0, 100, 30, 30, 70, 30, 0, 0, 0, 0, 0, 0, 0, 0, 0, 0, 0, 0, 0, 0, 0, 0, 0, 0, 0, 0, 0, 50, 0, 0, 50, 0, 0, 60, 0, 0, 0, 0, 50, 0, 0, 0, 0, 0, 0, 0, 0, 0, 0, 0, 0, 0, 0, 0, 0, 0, 0, 0, 0, 0, 80, 0, 50, 0, 0, 0, 0, 0, 0, 0, 0, 0, 0, 0, 0, 0, 0, 0, 0, 0, 0, 50, 80, 100, 80, 0, 100, 50, 0, 0, 0, 0, 0, 50, 50, 70, 0, 0, 50, 0, 0, 0, 0, 0, 0, 0, 0, 0, 0, 0, 0, 1, 0, 0, 0, 0, 0, 70, 0, 0, 0, 0, 0, 0, 0, 0, 0, 0, 0, 0, 0, 0, 0, 0, 0, 0, 50, 0, 0, 0, 30, 0, 0, 0, 0, 0, 0, 0, 0, 0, 0, 0, 0, 0, 0, 80, 0, 0, 80, 0, 0, 0, 0, 0, 0, 0, 0, 0, 0, 0, 30, 0, 0, 0, 0, 0, 50, 0, 0, 0, 0, 50, 0, 20, 0, 0, 60, 0, 0, 0, 20, 0, 0, 0, 0, 0, 0, 30, 40, 0, 0, 0, 0, 70, 0, 0, 0, 20, 0, 0, 0, 0, 0, 0, 0, 0, 0, 0, 60, 30, 0, 0, 0, 0, 0, 0, 15, 0, 60]"
37,Melange,Blue Lynx,Calm,しまぽいんとさん,ブルーリンクス,泰然自若,15,58,TRUE,TRUE,37,60,100,img_neko_37,,"[4, 14, 40, 5, 60, 35, 100]","[40, 3, 4]","[1, 1, 1, 1, 1, 0, 0, 0, 0, 0, 0, 0, 0, 0, 0, 0, 0, 0, 0, 0, 0, 0, 0, 0, 20, 0, 0, 0, 0, 30, 0, 0, 0, 0, 70, 0, 30, 30, 30, 0, 0, 0, 0, 0, 0, 0, 0, 0, 0, 0, 20, 0, 0, 0, 0, 0, 0, 0, 0, 0, 0, 0, 0, 0, 80, 0, 0, 0, 0, 50, 0, 0, 0, 0, 0, 0, 0, 0, 0, 0, 0, 0, 0, 0, 100, 0, 0, 0, 0, 0, 70, 30, 30, 20, 20, 0, 0, 0, 0, 0, 0, 70, 0, 0, 0, 0, 0, 0, 0, 0, 50, 0, 0, 50, 0, 0, 0, 0, 0, 80, 0, 0, 0, 50, 0, 0, 0, 0, 0, 0, 0, 0, 0, 0, 0, 0, 0, 0, 0, 0, 0, 0, 0, 80, 0, 50, 0, 0, 0, 0, 0, 0, 0, 0, 0, 0, 0, 0, 0, 0, 0, 0, 0, 0, 0, 0, 0, 0, 0, 0, 0, 0, 0, 40, 40, 70, 40, 0, 0, 0, 70, 50, 0, 0, 20, 0, 0, 0, 40, 50, 0, 0, 0, 0, 0, 1, 0, 0, 0, 0, 70, 0, 0, 0, 50, 0, 0, 0, 0, 0, 0, 0, 0, 0, 0, 0, 0, 0, 0, 50, 0, 0, 0, 0, 0, 30, 0, 0, 0, 0, 0, 0, 0, 0, 0, 15, 30, 30, 80, 0, 0, 0, 0, 80, 0, 0, 0, 0, 0, 0, 0, 0, 0, 0, 0, 0, 0, 30, 20, 50, 0, 0, 0, 0, 0, 0, 0, 0, 0, 60, 0, 0, 0, 10, 0, 15, 20, 0, 0, 0, 5, 0, 0, 15, 10, 0, 70, 0, 0, 0, 0, 0, 0, 30, 0, 0, 20, 35, 35, 25, 0, 0, 0, 0, 84, 0, 0, 0, 0, 0, 0, 0, 0]"
38,Chocola,Chocolate Point,Forgetful,ちゃぽいんとさん,シールポイント,忘れん坊,155,60,TRUE,TRUE,38,160,100,img_neko_38,,"[1, 1, 40, 30, 60, 20, 90]","[70, 20, 4]","[1, 1, 1, 1, 1, 0, 0, 0, 0, 0, 0, 0, 0, 0, 0, 0, 0, 0, 0, 0, 0, 0, 0, 0, 0, 0, 0, 0, 30, 0, 0, 0, 0, 0, 0, 15, 0, 0, 0, 0, 0, 0, 0, 0, 0, 0, 0, 20, 0, 0, 0, 0, 0, 0, 0, 0, 0, 0, 0, 0, 0, 0, 0, 0, 0, 0, 0, 0, 0, 15, 30, 20, 0, 15, 0, 0, 0, 0, 0, 0, 0, 0, 0, 10, 0, 0, 0, 0, 0, 0, 0, 0, 0, 0, 0, 0, 0, 10, 0, 0, 0, 0, 0, 0, 0, 0, 0, 0, 0, 0, 0, 0, 0, 0, 0, 0, 0, 0, 0, 0, 0, 0, 0, 0, 0, 0, 0, 0, 0, 0, 0, 0, 0, 0, 100, 0, 0, 0, 0, 0, 0, 0, 0, 0, 0, 0, 0, 0, 0, 0, 0, 0, 0, 0, 0, 0, 0, 0, 0, 0, 0, 0, 0, 0, 0, 0, 0, 0, 0, 100, 120, 0, 150, 0, 0, 0, 0, 0, 0, 80, 80, 0, 0, 0, 70, 20, 100, 0, 0, 0, 50, 0, 30, 0, 0, 1, 0, 0, 0, 0, 0, 0, 30, 0, 0, 0, 50, 0, 0, 0, 0, 0, 10, 10, 10, 0, 10, 10, 10, 0, 0, 10, 10, 10, 0, 0, 0, 0, 0, 0, 0, 0, 0, 0, 0, 0, 0, 0, 0, 0, 0, 0, 0, 0, 0, 20, 0, 0, 0, 0, 0, 0, 0, 0, 30, 40, 30, 0, 0, 20, 0, 0, 0, 0, 0, 0, 0, 0, 0, 0, 0, 50, 0, 0, 0, 0, 0, 0, 0, 0, 0, 0, 0, 0, 5, 0, 0, 0, 15, 0, 0, 0, 0, 0, 10, 0, 0, 0, 0, 0, 0, 0, 0, 0, 0, 0, 0, 0, 0, 0, 0, 0, 0]"
39,Willow,Grey Patches,Guileless,はいぶちさん,灰ぶち,世間知らず,80,61,TRUE,TRUE,39,65,100,img_neko_39,,"[10, 20, 45, 30, 60, 50, 100]","[70, 3, 12]","[1, 1, 1, 1, 1, 0, 0, 0, 0, 0, 0, 15, 0, 0, 0, 0, 10, 10, 0, 0, 0, 60, 50, 0, 0, 0, 0, 15, 0, 0, 0, 0, 0, 20, 0, 0, 20, 30, 20, 0, 30, 0, 20, 20, 0, 0, 0, 0, 0, 0, 0, 0, 20, 0, 0, 0, 0, 0, 0, 0, 0, 20, 0, 0, 0, 10, 0, 0, 0, 0, 0, 0, 0, 0, 0, 0, 0, 0, 0, 0, 0, 20, 0, 0, 0, 0, 40, 0, 0, 0, 30, 20, 0, 0, 0, 0, 0, 0, 0, 0, 0, 0, 0, 0, 0, 0, 0, 0, 0, 0, 20, 70, 10, 20, 0, 10, 50, 0, 70, 0, 20, 60, 0, 0, 70, 0, 0, 0, 0, 0, 0, 0, 0, 20, 0, 0, 10, 20, 0, 0, 0, 0, 0, 0, 0, 30, 0, 0, 0, 0, 0, 0, 0, 30, 20, 0, 0, 0, 0, 0, 0, 0, 0, 0, 0, 0, 0, 0, 0, 0, 0, 0, 0, 0, 0, 0, 0, 0, 0, 0, 0, 0, 0, 0, 20, 0, 0, 0, 0, 0, 0, 15, 0, 15, 15, 1, 0, 0, 0, 10, 0, 0, 0, 0, 0, 0, 0, 0, 0, 0, 20, 0, 0, 0, 20, 0, 0, 0, 0, 0, 0, 0, 20, 0, 0, 0, 0, 0, 0, 0, 0, 10, 0, 0, 0, 0, 0, 0, 0, 0, 0, 0, 0, 0, 0, 0, 0, 0, 0, 0, 0, 0, 0, 0, 0, 0, 0, 20, 20, 70, 0, 20, 0, 0, 0, 0, 0, 0, 0, 0, 15, 0, 0, 0, 0, 0, 0, 0, 0, 0, 0, 0, 0, 20, 0, 0, 0, 0, 0, 20, 0, 0, 25, 0, 0, 0, 5, 0, 0, 0, 0, 0, 20, 23, 0, 0, 0, 0, 0, 0, 0, 0, 25]"
40,Sooty,Black Spots,Whimsical,くろとびさん,黒とび,移り気,65,63,TRUE,TRUE,40,255,255,img_neko_40,,"[3, 6, 12, 12, 12, 12, 100]","[60, 10, 2]","[1, 1, 1, 1, 1, 0, 0, 0, 0, 0, 3, 3, 3, 3, 3, 3, 3, 3, 3, 3, 3, 3, 3, 3, 3, 3, 3, 3, 3, 3, 3, 3, 3, 3, 3, 3, 3, 3, 3, 3, 3, 3, 3, 3, 3, 3, 3, 3, 3, 3, 3, 3, 3, 3, 3, 3, 3, 3, 3, 3, 3, 3, 3, 3, 3, 3, 3, 3, 3, 3, 3, 3, 3, 3, 3, 3, 3, 3, 3, 3, 3, 3, 3, 3, 3, 3, 3, 3, 3, 3, 3, 3, 3, 3, 3, 3, 3, 3, 3, 3, 3, 3, 3, 3, 3, 3, 3, 3, 0, 0, 3, 3, 3, 3, 3, 3, 3, 3, 3, 3, 3, 3, 3, 3, 3, 3, 3, 3, 3, 3, 3, 3, 3, 3, 3, 3, 3, 3, 3, 3, 3, 0, 0, 3, 3, 3, 3, 3, 3, 3, 3, 3, 3, 3, 3, 3, 3, 3, 3, 3, 3, 3, 3, 3, 3, 3, 3, 3, 3, 3, 3, 3, 3, 3, 3, 3, 3, 3, 3, 3, 3, 3, 3, 3, 3, 3, 3, 3, 3, 3, 3, 3, 3, 3, 3, 3, 3, 3, 3, 3, 3, 3, 3, 3, 3, 0, 3, 3, 3, 3, 3, 3, 3, 3, 3, 3, 3, 3, 3, 3, 3, 3, 3, 3, 3, 3, 3, 3, 3, 3, 3, 3, 0, 3, 3, 3, 3, 3, 3, 3, 0, 3, 3, 3, 3, 3, 3, 3, 3, 3, 3, 3, 3, 3, 3, 3, 3, 3, 3, 3, 3, 3, 3, 3, 3, 3, 3, 3, 3, 3, 3, 3, 3, 3, 3, 3, 3, 3, 0, 3, 3, 3, 3, 3, 3, 3, 3, 3, 3, 3, 3, 3, 3, 3, 3, 3, 3, 3, 3, 3, 3, 3, 3, 3, 3, 3, 3, 0, 0, 0, 0, 0, 0]"
41,Quicksilver,Silverpoint,Mooch,ぎんうずさん,クラシック(銀),甘え上手,105,64,TRUE,TRUE,41,120,100,img_neko_41,,"[10, 15, 30, 5, 70, 60, 100]","[40, 10, 2]","[10, 1, 1, 1, 1, 0, 0, 0, 0, 0, 0, 0, 0, 0, 30, 0, 0, 0, 0, 0, 0, 0, 0, 0, 0, 40, 0, 0, 0, 0, 0, 0, 0, 30, 0, 0, 0, 0, 0, 0, 0, 30, 0, 0, 0, 30, 0, 0, 0, 30, 0, 0, 0, 0, 0, 30, 0, 0, 0, 0, 0, 0, 0, 0, 0, 0, 20, 20, 0, 0, 20, 0, 0, 20, 0, 0, 0, 30, 20, 0, 0, 0, 0, 0, 20, 20, 0, 0, 0, 0, 0, 0, 0, 0, 0, 0, 0, 0, 0, 0, 0, 0, 0, 0, 0, 20, 20, 0, 0, 0, 0, 0, 0, 0, 0, 0, 0, 0, 0, 0, 0, 0, 0, 0, 0, 0, 0, 0, 0, 0, 0, 0, 0, 0, 0, 0, 10, 10, 10, 10, 10, 0, 0, 0, 0, 0, 0, 0, 0, 0, 0, 0, 0, 0, 0, 0, 0, 0, 15, 15, 0, 0, 0, 0, 25, 0, 0, 0, 0, 0, 0, 0, 0, 0, 25, 25, 0, 0, 0, 0, 0, 0, 0, 30, 0, 0, 25, 0, 0, 15, 0, 0, 0, 0, 0, 1, 0, 0, 0, 0, 0, 0, 0, 20, 0, 0, 0, 0, 0, 20, 0, 0, 0, 0, 30, 0, 0, 0, 0, 0, 0, 0, 0, 0, 0, 0, 10, 20, 20, 0, 0, 0, 0, 0, 0, 0, 0, 0, 0, 25, 0, 0, 0, 0, 0, 0, 0, 0, 40, 0, 0, 0, 0, 0, 0, 0, 0, 0, 0, 20, 0, 40, 0, 0, 0, 0, 25, 0, 0, 0, 0, 0, 0, 0, 0, 0, 0, 30, 0, 0, 0, 0, 0, 25, 0, 0, 15, 15, 0, 0, 0, 0, 0, 5, 10, 50, 5, 12, 5, 0, 0, 30, 0, 0, 25, 0, 0, 15, 0, 0, 0, 0, 0]"
42,Maple,Orange & White Bullseye,Moody,しろちゃうずさん,クラシック(白茶),気分屋,99,65,TRUE,TRUE,42,130,150,img_neko_42,,"[3, 3, 3, 3, 3, 3, 100]","[80, 5, 5]","[1, 1, 1, 1, 1, 0, 0, 0, 0, 0, 0, 20, 0, 0, 0, 0, 20, 20, 0, 0, 0, 0, 0, 0, 0, 0, 0, 0, 0, 0, 0, 0, 0, 0, 0, 15, 15, 15, 15, 15, 15, 15, 15, 0, 0, 0, 15, 15, 15, 20, 0, 0, 0, 0, 0, 0, 0, 0, 0, 0, 0, 0, 0, 0, 0, 0, 15, 15, 15, 15, 15, 15, 15, 0, 0, 0, 15, 15, 15, 0, 0, 10, 0, 0, 10, 10, 15, 15, 15, 15, 0, 15, 15, 15, 15, 0, 0, 0, 0, 0, 0, 0, 0, 0, 0, 0, 0, 0, 0, 0, 0, 0, 0, 0, 0, 0, 0, 0, 0, 0, 0, 0, 0, 0, 0, 0, 0, 0, 0, 0, 0, 0, 0, 0, 0, 0, 0, 0, 0, 0, 0, 0, 0, 0, 0, 0, 0, 0, 0, 0, 0, 0, 0, 0, 0, 0, 0, 0, 0, 0, 0, 0, 0, 0, 0, 0, 0, 0, 0, 0, 0, 0, 0, 0, 0, 0, 0, 0, 0, 0, 0, 0, 0, 0, 0, 0, 0, 0, 15, 15, 20, 20, 20, 20, 20, 20, 0, 0, 0, 0, 0, 0, 0, 0, 0, 0, 0, 0, 0, 0, 0, 0, 0, 0, 0, 0, 0, 0, 0, 0, 0, 0, 0, 0, 0, 0, 5, 0, 0, 0, 0, 0, 0, 0, 0, 0, 20, 20, 0, 0, 0, 0, 0, 0, 0, 0, 0, 15, 15, 15, 15, 15, 15, 15, 15, 15, 15, 0, 0, 0, 0, 0, 0, 0, 0, 15, 15, 15, 15, 0, 0, 0, 0, 15, 15, 15, 15, 15, 0, 10, 0, 15, 15, 15, 15, 15, 10, 10, 0, 0, 0, 0, 0, 0, 15, 15, 0, 0, 0, 0, 0, 0, 15, 0, 0, 0, 0, 0, 0, 0, 0, 0, 15]"
43,Caramel,Spotted,Tomboy,とびがらさん,とびがら,おてんば,205,66,TRUE,TRUE,43,80,50,img_neko_43,,"[10, 12, 40, 30, 60, 50, 100]","[75, 30, 3]","[1, 1, 1, 1, 1, 0, 0, 0, 0, 0, 0, 0, 0, 40, 10, 0, 0, 0, 5, 15, 20, 0, 20, 0, 0, 0, 0, 0, 0, 0, 15, 0, 0, 20, 10, 0, 0, 0, 0, 0, 0, 0, 0, 10, 0, 0, 0, 0, 0, 0, 15, 0, 0, 20, 0, 0, 0, 0, 0, 0, 0, 0, 0, 0, 0, 0, 0, 0, 0, 0, 0, 0, 0, 0, 0, 0, 0, 0, 50, 10, 10, 0, 0, 0, 0, 0, 0, 0, 0, 0, 0, 0, 0, 0, 0, 0, 0, 0, 0, 0, 0, 0, 0, 0, 10, 0, 0, 20, 0, 0, 0, 0, 0, 0, 10, 0, 0, 10, 0, 0, 0, 0, 20, 0, 0, 0, 0, 0, 0, 0, 0, 0, 0, 0, 0, 0, 0, 0, 0, 0, 0, 0, 0, 0, 0, 0, 0, 0, 0, 0, 0, 0, 0, 20, 0, 0, 10, 10, 0, 0, 0, 0, 20, 0, 30, 40, 0, 50, 0, 80, 0, 0, 0, 0, 0, 30, 0, 0, 0, 0, 0, 20, 20, 30, 0, 0, 0, 15, 0, 0, 0, 10, 0, 10, 10, 5, 0, 0, 0, 0, 0, 0, 0, 0, 0, 0, 10, 20, 0, 0, 0, 30, 0, 10, 10, 0, 0, 0, 0, 0, 0, 0, 0, 0, 5, 0, 0, 70, 0, 0, 0, 0, 0, 0, 15, 0, 0, 0, 10, 10, 0, 0, 0, 0, 10, 15, 10, 0, 0, 0, 0, 10, 0, 10, 0, 0, 0, 0, 0, 0, 20, 0, 0, 0, 40, 5, 5, 5, 5, 0, 0, 0, 0, 0, 0, 0, 0, 0, 0, 0, 0, 0, 0, 10, 10, 10, 0, 0, 0, 0, 0, 0, 0, 20, 0, 20, 0, 0, 5, 0, 15, 20, 0, 0, 40, 0, 0, 0, 0, 0, 0, 0, 0]"
100,Joe DiMeowgio,Baseball Jersey,Team Player,たてじまさん,縦縞,熱狂,28,22,FALSE,TRUE,45,400,0,,1,"[5, 5, 5, 15, 6, 5, 50]","[30, 0, 0]","[0, 0, 0, 0, 0, 0, 0, 0, 0, 0, 75, 0, 0, 0, 0, 0, 0, 0, 0, 0, 0, 0, 0, 0, 0, 0, 0, 0, 0, 0, 0, 0, 0, 0, 0, 0, 0, 0, 0, 0, 0, 0, 0, 0, 0, 0, 0, 0, 0, 0, 0, 0, 0, 0, 0, 0, 0, 0, 0, 0, 0, 0, 0, 0, 0, 0, 0, 0, 0, 0, 0, 0, 0, 0, 0, 0, 0, 0, 0, 0, 0, 0, 0, 0, 0, 0, 0, 0, 0, 0, 0, 0, 0, 0, 0, 0, 0, 0, 0, 0, 0, 0, 0, 0, 0, 0, 0, 0, 0, 0, 0, 0, 0, 0, 0, 0, 0, 0, 0, 0, 0, 0, 0, 0, 0, 0, 0, 0, 0, 0, 0, 0, 0, 0, 0, 0, 0, 0, 0, 0, 0, 0, 0, 0, 0, 0, 0, 0, 0, 0, 0, 0, 0, 0, 0, 0, 0, 0, 0, 0, 0, 0, 0, 0, 0, 0, 0, 0, 0, 0, 0, 0, 0, 0, 0, 0, 0, 0, 0, 0, 0, 0, 0, 0, 0, 0, 0, 0, 0, 0, 0, 0, 0, 0, 0, 0, 0, 0, 0, 0, 0, 0, 0, 0, 0, 0, 0, 0, 0, 0, 0, 0, 0, 0, 0, 0, 0, 0, 0, 0, 0, 0, 0, 0, 0, 0, 0, 0, 0, 0, 0, 0, 0, 0, 0, 0, 0, 0, 0, 0, 0, 0, 0, 0, 0, 0, 0, 0, 0, 0, 0, 0, 0, 0, 0, 0, 0, 0, 0, 0, 0, 0, 0, 0, 0, 0, 0, 0, 0, 0, 0, 0, 0, 0, 0, 0, 0, 0, 0, 0, 0, 0, 0, 0, 0, 0, 0, 0, 0, 0, 0, 0, 0, 0, 0, 0, 0, 0, 0, 0, 0, 0, 0, 0, 0, 0, 0, 0, 0, 0, 0, 0, 0]"
101,Senor Don Gato,Mustachioed,Scheming,ながぐつさん,チョビヒゲ,策略家,30,23,FALSE,TRUE,50,300,0,,6,"[5, 5, 5, 15, 6, 5, 50]","[30, 0, 0]","[0, 0, 0, 0, 0, 0, 0, 0, 0, 0, 0, 0, 0, 0, 0, 0, 0, 0, 0, 0, 0, 0, 0, 0, 0, 0, 0, 0, 0, 0, 0, 0, 0, 0, 0, 0, 0, 0, 0, 0, 0, 0, 0, 0, 0, 0, 0, 0, 0, 0, 0, 0, 0, 0, 0, 0, 0, 0, 0, 0, 0, 0, 0, 0, 0, 0, 0, 0, 0, 0, 0, 0, 0, 0, 0, 0, 0, 0, 0, 0, 0, 0, 0, 0, 0, 0, 0, 0, 0, 0, 0, 0, 0, 0, 0, 0, 0, 0, 0, 0, 0, 0, 0, 0, 0, 0, 0, 0, 0, 0, 0, 0, 0, 0, 0, 0, 0, 0, 0, 0, 0, 0, 0, 0, 0, 0, 0, 0, 0, 0, 0, 0, 0, 0, 0, 0, 0, 0, 0, 0, 0, 0, 0, 0, 0, 0, 0, 0, 0, 0, 0, 0, 0, 0, 0, 0, 0, 0, 0, 0, 0, 0, 0, 0, 0, 0, 0, 100, 0, 0, 0, 0, 0, 0, 0, 0, 0, 0, 0, 0, 0, 0, 0, 0, 0, 0, 0, 0, 0, 0, 0, 0, 0, 0, 0, 0, 0, 0, 0, 0, 0, 0, 0, 0, 0, 0, 0, 0, 0, 0, 0, 0, 0, 0, 0, 0, 0, 0, 0, 0, 0, 0, 0, 0, 0, 0, 0, 0, 0, 0, 0, 0, 0, 0, 0, 0, 0, 0, 0, 0, 0, 0, 0, 0, 0, 0, 0, 0, 0, 0, 0, 0, 0, 0, 0, 0, 0, 0, 0, 0, 0, 0, 0, 0, 0, 0, 0, 0, 0, 0, 0, 0, 0, 0, 0, 0, 0, 0, 0, 0, 0, 0, 0, 0, 0, 0, 0, 0, 0, 0, 0, 0, 0, 0, 0, 0, 0, 0, 0, 0, 0, 0, 0, 0, 0, 0, 0, 0, 0, 0, 0, 0, 0]"
102,Xerxes IX,Persian,Regal,ぷりんすさん,ペルシャ,王族の佇まい,70,24,FALSE,TRUE,47,950,0,,3,"[5, 5, 5, 15, 6, 5, 40]","[30, 0, 0]","[0, 0, 0, 0, 0, 0, 0, 0, 0, 0, 0, 0, 0, 0, 0, 0, 0, 0, 0, 0, 0, 0, 0, 0, 0, 0, 0, 0, 0, 0, 0, 0, 0, 0, 0, 0, 0, 0, 0, 0, 0, 0, 0, 0, 0, 0, 0, 0, 0, 0, 0, 0, 0, 0, 0, 0, 0, 0, 0, 0, 0, 0, 0, 0, 0, 0, 0, 0, 0, 0, 0, 0, 0, 0, 30, 0, 0, 0, 0, 0, 0, 0, 70, 0, 0, 0, 0, 0, 0, 0, 0, 0, 0, 0, 0, 0, 0, 0, 0, 0, 0, 0, 0, 0, 0, 0, 0, 0, 0, 0, 0, 0, 0, 0, 0, 0, 0, 0, 0, 0, 0, 0, 0, 0, 0, 0, 0, 0, 0, 0, 0, 0, 0, 0, 0, 0, 0, 0, 0, 0, 0, 0, 0, 0, 0, 0, 0, 0, 0, 0, 0, 0, 0, 0, 0, 0, 0, 0, 0, 0, 0, 0, 0, 0, 0, 0, 0, 0, 0, 0, 0, 0, 0, 0, 0, 0, 0, 0, 0, 0, 0, 0, 0, 0, 0, 0, 0, 0, 0, 0, 0, 0, 0, 0, 0, 0, 0, 0, 0, 0, 0, 0, 0, 0, 0, 0, 0, 0, 0, 0, 0, 0, 0, 0, 0, 0, 0, 0, 0, 0, 0, 0, 0, 0, 0, 0, 0, 0, 0, 0, 0, 0, 0, 0, 0, 0, 0, 0, 0, 0, 0, 0, 0, 0, 0, 0, 0, 0, 0, 0, 0, 0, 0, 0, 0, 0, 0, 0, 0, 0, 0, 0, 0, 0, 0, 0, 0, 0, 0, 0, 0, 0, 0, 0, 0, 0, 0, 0, 0, 0, 0, 0, 0, 0, 0, 0, 0, 0, 0, 0, 0, 0, 0, 0, 0, 0, 0, 0, 0, 0, 0, 0, 0, 0, 0, 0, 0, 0, 0, 0, 0, 0, 0]"
103,Chairman Meow,Camouflage,Boorish,なべねこさん,迷彩,大艦巨砲主義,111,25,FALSE,TRUE,54,250,0,,10,"[5, 5, 5, 15, 6, 5, 0]","[30, 0, 0]","[0, 0, 0, 0, 0, 0, 0, 0, 0, 0, 0, 0, 0, 0, 0, 0, 0, 0, 0, 0, 0, 0, 0, 0, 0, 0, 0, 0, 0, 0, 0, 0, 0, 0, 0, 0, 0, 0, 0, 0, 0, 0, 0, 0, 0, 0, 0, 0, 0, 0, 0, 0, 0, 0, 0, 0, 0, 0, 0, 0, 0, 0, 0, 0, 0, 0, 0, 0, 0, 0, 0, 0, 0, 0, 0, 0, 0, 0, 0, 0, 0, 0, 0, 0, 0, 0, 0, 0, 0, 0, 0, 0, 0, 0, 0, 0, 0, 0, 0, 0, 0, 0, 0, 0, 0, 0, 0, 0, 0, 0, 0, 0, 0, 0, 0, 0, 0, 0, 0, 0, 0, 0, 0, 0, 0, 0, 0, 0, 0, 0, 0, 0, 0, 0, 0, 0, 0, 0, 0, 0, 0, 0, 0, 0, 0, 0, 0, 0, 0, 0, 0, 0, 0, 0, 0, 0, 0, 0, 0, 0, 0, 0, 0, 0, 0, 0, 0, 0, 0, 0, 0, 0, 0, 0, 0, 0, 0, 0, 0, 0, 0, 0, 0, 0, 100, 0, 0, 0, 0, 0, 0, 0, 0, 0, 0, 0, 0, 0, 0, 0, 0, 0, 0, 0, 0, 0, 0, 0, 0, 0, 0, 0, 0, 0, 0, 0, 0, 0, 0, 0, 0, 0, 0, 0, 0, 0, 0, 0, 0, 0, 0, 0, 5, 0, 0, 0, 0, 0, 0, 0, 0, 0, 0, 0, 0, 0, 0, 0, 0, 0, 0, 0, 0, 0, 0, 0, 0, 0, 0, 0, 0, 0, 0, 0, 0, 0, 0, 0, 0, 0, 0, 0, 0, 0, 0, 0, 0, 0, 0, 0, 0, 0, 0, 0, 0, 0, 0, 0, 0, 0, 0, 0, 0, 0, 0, 0, 0, 0, 0, 0, 0, 0, 0, 0, 0, 0, 0, 0, 0, 0, 0, 0, 0]"
104,Saint Purrtrick,Ethereal,Awe-Inspiring,ねこまたさん,オーラ,すごい,222,26,FALSE,TRUE,48,700,50,,4,"[5, 5, 5, 15, 6, 5, 60]","[30, 0, 0]","[0, 0, 0, 0, 0, 0, 0, 0, 0, 0, 0, 0, 0, 0, 0, 0, 0, 0, 0, 0, 0, 0, 0, 0, 0, 0, 0, 0, 0, 0, 0, 0, 0, 0, 0, 0, 0, 0, 0, 100, 0, 0, 0, 0, 0, 0, 0, 0, 0, 0, 0, 0, 0, 0, 0, 0, 0, 0, 0, 0, 0, 0, 0, 0, 0, 0, 0, 0, 0, 0, 0, 0, 0, 0, 0, 0, 0, 0, 0, 0, 0, 0, 0, 0, 0, 0, 0, 0, 0, 0, 0, 0, 0, 0, 0, 0, 0, 0, 0, 0, 0, 0, 0, 0, 0, 0, 0, 0, 0, 0, 0, 0, 0, 0, 0, 0, 0, 0, 0, 0, 0, 0, 0, 0, 0, 0, 0, 0, 0, 0, 0, 0, 0, 0, 0, 0, 0, 0, 0, 0, 0, 0, 0, 0, 0, 0, 0, 0, 0, 0, 0, 0, 0, 0, 0, 0, 0, 0, 0, 0, 0, 0, 0, 0, 0, 0, 0, 0, 0, 0, 0, 0, 0, 0, 0, 0, 0, 0, 0, 0, 0, 0, 0, 0, 0, 0, 0, 0, 0, 0, 0, 0, 0, 0, 0, 0, 0, 0, 0, 0, 0, 0, 0, 0, 0, 0, 0, 0, 0, 0, 0, 30, 0, 0, 0, 0, 0, 0, 0, 0, 0, 0, 0, 0, 0, 0, 0, 0, 0, 0, 0, 0, 0, 0, 0, 0, 0, 0, 0, 0, 0, 0, 0, 0, 0, 0, 0, 0, 0, 0, 0, 0, 0, 0, 0, 0, 0, 0, 0, 0, 0, 0, 0, 0, 0, 0, 0, 0, 0, 0, 0, 0, 0, 0, 0, 0, 0, 0, 0, 0, 0, 0, 0, 0, 0, 0, 0, 0, 0, 0, 0, 0, 0, 0, 0, 0, 0, 0, 0, 0, 0, 0, 0, 0, 0, 0, 0, 0, 0, 0, 0, 0, 0]"
105,Ms. Fortune,Gold,Charismatic,こいこいさん,小判,商売上手,20,27,FALSE,TRUE,46,1400,0,,2,"[5, 5, 5, 15, 6, 5, 50]","[30, 0, 0]","[0, 0, 0, 0, 0, 0, 0, 0, 0, 0, 0, 0, 0, 0, 0, 0, 0, 0, 0, 0, 0, 0, 0, 0, 100, 0, 0, 0, 0, 0, 0, 0, 0, 0, 0, 0, 0, 0, 0, 0, 0, 0, 0, 0, 0, 0, 0, 0, 0, 0, 0, 0, 0, 0, 0, 0, 0, 0, 0, 0, 0, 0, 0, 0, 0, 0, 0, 0, 0, 0, 0, 0, 0, 0, 0, 0, 0, 0, 0, 0, 0, 0, 0, 0, 0, 0, 0, 0, 0, 0, 0, 0, 0, 0, 0, 0, 0, 0, 0, 0, 0, 0, 0, 0, 0, 0, 0, 0, 0, 0, 0, 0, 0, 0, 0, 0, 0, 0, 0, 0, 0, 0, 0, 0, 0, 0, 0, 0, 0, 0, 0, 0, 0, 0, 0, 0, 0, 0, 0, 0, 0, 0, 0, 0, 0, 0, 0, 0, 0, 0, 0, 0, 0, 0, 0, 0, 0, 0, 0, 0, 0, 0, 0, 0, 0, 0, 0, 0, 0, 0, 0, 0, 0, 0, 0, 0, 0, 0, 0, 0, 0, 0, 0, 0, 0, 0, 0, 0, 0, 0, 0, 0, 0, 0, 0, 0, 0, 0, 0, 0, 0, 0, 0, 0, 0, 0, 0, 0, 0, 0, 0, 0, 0, 0, 0, 0, 0, 0, 0, 0, 0, 0, 0, 0, 0, 0, 0, 0, 0, 0, 0, 0, 0, 0, 0, 0, 0, 0, 0, 0, 0, 0, 0, 0, 0, 0, 0, 0, 0, 0, 0, 0, 0, 0, 0, 0, 0, 0, 0, 0, 0, 0, 0, 0, 0, 0, 0, 0, 0, 0, 0, 0, 0, 0, 0, 0, 0, 0, 0, 0, 0, 0, 0, 0, 0, 0, 0, 0, 0, 0, 0, 0, 0, 0, 0, 0, 0, 0, 0, 0, 0, 0, 0, 0, 0, 0, 0, 0, 0, 0, 0, 0, 0]"
106,Bob the Cat,Adventurer,Outdoorsy,やまねこさん,トレッキング,山の子,40,28,FALSE,TRUE,49,200,0,,5,"[5, 5, 5, 15, 6, 5, 70]","[30, 0, 0]","[0, 0, 0, 0, 0, 0, 0, 0, 0, 0, 0, 0, 0, 0, 0, 0, 0, 0, 0, 0, 0, 0, 0, 0, 0, 0, 0, 0, 0, 0, 0, 0, 0, 0, 0, 0, 0, 0, 0, 0, 0, 0, 0, 0, 0, 0, 0, 0, 0, 0, 0, 0, 0, 0, 0, 0, 0, 0, 0, 0, 0, 0, 0, 0, 0, 0, 0, 0, 0, 0, 0, 0, 0, 0, 0, 0, 0, 0, 0, 0, 0, 0, 0, 0, 0, 0, 0, 0, 0, 0, 0, 0, 0, 0, 0, 0, 0, 0, 0, 0, 0, 0, 0, 0, 0, 0, 0, 0, 0, 0, 0, 0, 0, 0, 0, 0, 0, 0, 0, 0, 0, 0, 0, 100, 0, 0, 0, 0, 0, 0, 0, 0, 0, 0, 0, 0, 0, 0, 0, 0, 0, 0, 0, 0, 0, 0, 0, 0, 0, 0, 0, 0, 0, 0, 0, 0, 0, 0, 0, 0, 0, 0, 0, 0, 0, 0, 0, 0, 0, 0, 0, 0, 0, 0, 0, 0, 0, 0, 0, 0, 0, 0, 0, 0, 0, 0, 0, 0, 0, 0, 0, 0, 0, 0, 0, 0, 0, 0, 0, 0, 0, 0, 0, 0, 0, 0, 0, 0, 0, 0, 0, 0, 0, 0, 0, 0, 0, 0, 0, 0, 0, 0, 0, 0, 0, 0, 0, 0, 0, 0, 0, 0, 0, 0, 0, 0, 0, 0, 0, 0, 0, 0, 0, 0, 0, 0, 0, 0, 0, 0, 0, 0, 0, 0, 0, 0, 0, 0, 0, 0, 0, 0, 0, 0, 0, 0, 0, 0, 0, 0, 0, 0, 0, 0, 0, 0, 0, 0, 0, 0, 0, 0, 0, 0, 0, 0, 0, 0, 0, 0, 0, 0, 0, 0, 0, 0, 0, 0, 0, 0, 0, 0, 0, 0, 0, 0, 0, 0, 0, 0, 0, 0, 0]"
107,Conductor Whiskers,Railway Uniform,Vigilant,えきちょうさん,駅長,お目付け役,50,29,FALSE,TRUE,51,500,0,,7,"[5, 5, 5, 15, 6, 5, 10]","[30, 0, 0]","[0, 0, 0, 0, 0, 0, 0, 0, 0, 0, 0, 0, 0, 0, 0, 0, 0, 0, 0, 0, 0, 0, 0, 0, 0, 0, 0, 0, 0, 0, 0, 0, 0, 0, 35, 0, 0, 0, 0, 0, 0, 0, 0, 0, 0, 0, 0, 0, 0, 0, 0, 0, 0, 0, 0, 0, 0, 0, 0, 0, 0, 0, 0, 0, 0, 0, 0, 0, 0, 0, 0, 0, 0, 0, 0, 0, 0, 0, 0, 0, 0, 0, 0, 0, 0, 0, 0, 0, 0, 0, 0, 0, 0, 0, 0, 0, 0, 0, 0, 0, 0, 0, 0, 0, 0, 0, 0, 0, 0, 0, 0, 0, 0, 0, 0, 0, 0, 0, 0, 0, 0, 0, 0, 0, 0, 0, 0, 0, 0, 0, 0, 0, 0, 0, 0, 0, 0, 0, 0, 0, 0, 0, 0, 0, 0, 0, 0, 0, 0, 0, 0, 0, 0, 0, 0, 0, 0, 0, 0, 0, 0, 0, 0, 0, 0, 0, 0, 0, 0, 0, 100, 0, 0, 0, 0, 0, 0, 0, 0, 0, 0, 0, 0, 0, 0, 0, 0, 0, 0, 0, 0, 0, 0, 0, 0, 0, 0, 0, 0, 0, 0, 0, 0, 0, 0, 0, 0, 0, 0, 0, 0, 0, 0, 0, 0, 0, 0, 0, 0, 0, 0, 0, 0, 0, 0, 0, 0, 0, 0, 0, 0, 0, 0, 0, 0, 0, 0, 0, 0, 0, 0, 0, 0, 0, 0, 0, 0, 0, 0, 0, 0, 0, 0, 0, 0, 0, 0, 0, 0, 0, 0, 0, 0, 0, 0, 0, 0, 0, 0, 0, 0, 0, 0, 0, 0, 0, 0, 0, 0, 0, 0, 0, 0, 0, 0, 0, 0, 0, 0, 0, 0, 0, 0, 0, 0, 0, 0, 0, 0, 0, 0, 0, 0, 0, 0, 0, 0, 0, 0, 0, 0, 0, 0]"
108,Tubbs,Fluffy,Finicky Feaster,まんぞくさん,もふもふ,まっしぐら,130,30,FALSE,TRUE,52,900,0,,8,"[0, 1, 1, 1, 0, 0, 0]","[2, 0, 0]","[0, 0, 0, 0, 0, 80, 60, 50, 0, 0, 0, 0, 0, 0, 0, 0, 0, 0, 0, 0, 0, 0, 0, 0, 0, 0, 0, 0, 0, 0, 0, 0, 0, 0, 0, 0, 0, 0, 0, 0, 0, 0, 0, 0, 0, 0, 0, 0, 0, 0, 0, 0, 0, 0, 0, 0, 0, 0, 0, 0, 0, 0, 0, 0, 0, 0, 0, 0, 0, 0, 0, 0, 0, 0, 0, 0, 0, 0, 0, 0, 0, 0, 0, 0, 0, 12, 0, 0, 0, 0, 0, 0, 0, 0, 0, 0, 0, 0, 0, 0, 0, 0, 0, 0, 0, 0, 0, 0, 0, 0, 0, 0, 0, 0, 0, 0, 0, 0, 0, 0, 0, 0, 0, 0, 0, 0, 0, 0, 0, 0, 0, 0, 0, 0, 0, 0, 0, 0, 0, 0, 0, 0, 0, 0, 0, 0, 0, 0, 0, 0, 0, 0, 0, 0, 0, 0, 0, 0, 0, 0, 0, 0, 0, 0, 0, 0, 0, 0, 0, 0, 0, 0, 0, 0, 0, 0, 0, 0, 0, 0, 0, 0, 0, 0, 0, 0, 0, 0, 0, 0, 0, 0, 0, 0, 0, 0, 0, 0, 0, 0, 0, 0, 0, 0, 0, 0, 0, 0, 0, 0, 0, 0, 0, 0, 0, 0, 0, 0, 0, 0, 0, 0, 0, 0, 0, 0, 0, 0, 0, 0, 0, 0, 0, 0, 0, 0, 0, 0, 0, 0, 0, 0, 0, 0, 0, 0, 0, 0, 0, 0, 0, 0, 0, 0, 0, 0, 0, 0, 0, 0, 0, 0, 0, 0, 0, 0, 0, 0, 0, 0, 0, 0, 0, 0, 0, 0, 0, 0, 0, 0, 0, 0, 0, 0, 0, 0, 0, 12, 0, 0, 0, 0, 0, 0, 0, 0, 0, 0, 0, 0, 0, 0, 0, 0, 0, 0, 0, 0, 0, 0, 0, 0, 0]"
109,Mr. Meowgi,Ronin,Mentoring,おさむらいさん,浪人,元指南役,250,31,FALSE,TRUE,53,80,0,,9,"[5, 5, 5, 15, 10, 5, 70]","[30, 0, 0]","[0, 0, 0, 0, 0, 0, 0, 0, 0, 0, 0, 0, 0, 0, 0, 0, 0, 0, 0, 0, 0, 0, 0, 0, 0, 0, 0, 0, 0, 0, 0, 0, 0, 0, 0, 0, 0, 0, 0, 0, 0, 0, 0, 0, 0, 0, 10, 0, 0, 0, 0, 0, 0, 0, 0, 0, 0, 0, 0, 0, 0, 0, 0, 0, 0, 0, 0, 0, 0, 0, 0, 0, 0, 0, 0, 0, 0, 0, 0, 0, 0, 0, 0, 0, 0, 0, 0, 0, 0, 0, 0, 0, 0, 0, 0, 0, 0, 0, 0, 0, 0, 0, 0, 0, 0, 0, 0, 0, 0, 0, 0, 0, 0, 0, 0, 0, 0, 0, 0, 0, 0, 0, 0, 0, 0, 0, 0, 0, 0, 0, 0, 0, 0, 0, 0, 0, 0, 0, 0, 0, 0, 0, 0, 0, 0, 0, 0, 0, 0, 0, 0, 0, 0, 0, 0, 0, 0, 0, 0, 0, 0, 0, 0, 0, 0, 0, 0, 0, 0, 0, 0, 0, 0, 0, 0, 0, 0, 0, 0, 0, 0, 0, 0, 100, 0, 0, 0, 0, 0, 0, 0, 0, 0, 0, 0, 0, 0, 0, 0, 0, 0, 0, 0, 0, 0, 0, 0, 0, 0, 0, 0, 0, 0, 0, 0, 0, 0, 0, 0, 0, 0, 0, 0, 0, 0, 0, 0, 0, 0, 0, 0, 0, 0, 0, 0, 0, 0, 0, 0, 0, 0, 0, 0, 0, 0, 0, 0, 0, 0, 0, 0, 0, 0, 0, 0, 0, 0, 0, 0, 0, 0, 0, 0, 0, 0, 0, 0, 0, 0, 0, 0, 0, 0, 0, 0, 0, 0, 0, 0, 0, 0, 0, 0, 0, 0, 0, 0, 0, 0, 0, 0, 0, 0, 0, 0, 0, 0, 0, 0, 0, 0, 0, 0, 0, 0, 0, 0, 0, 0, 0, 0, 0, 0]"
110,Lady Meow-Meow,American Shorthair,Diva,あめしょさん,アメショ,アイドル気質,100,32,FALSE,TRUE,55,900,0,,11,"[0, 0, 3, 10, 6, 3, 50]","[20, 0, 0]","[0, 0, 0, 0, 0, 0, 0, 0, 0, 0, 0, 0, 0, 0, 0, 0, 0, 0, 0, 0, 0, 0, 0, 0, 0, 0, 0, 0, 0, 0, 0, 0, 0, 0, 0, 0, 0, 0, 0, 0, 0, 0, 0, 0, 0, 0, 0, 0, 0, 0, 0, 0, 0, 0, 0, 0, 0, 0, 0, 0, 0, 0, 0, 0, 0, 0, 0, 0, 0, 0, 0, 0, 0, 0, 0, 0, 0, 0, 0, 0, 0, 0, 0, 0, 0, 0, 0, 0, 100, 0, 0, 0, 0, 0, 0, 0, 0, 0, 0, 0, 0, 0, 0, 0, 0, 0, 0, 0, 0, 0, 0, 0, 0, 0, 0, 0, 0, 0, 0, 0, 0, 0, 0, 0, 0, 0, 0, 0, 0, 0, 0, 0, 0, 0, 0, 0, 0, 0, 0, 0, 0, 0, 0, 0, 0, 0, 0, 0, 0, 0, 0, 0, 0, 0, 0, 0, 0, 0, 0, 0, 0, 0, 0, 0, 0, 0, 0, 0, 0, 0, 0, 0, 0, 0, 0, 0, 0, 0, 0, 0, 0, 0, 0, 0, 0, 0, 0, 0, 0, 0, 0, 0, 0, 0, 0, 0, 0, 0, 0, 0, 0, 0, 0, 0, 0, 0, 0, 0, 0, 0, 0, 0, 0, 0, 0, 0, 0, 0, 0, 0, 0, 0, 0, 0, 0, 0, 0, 0, 0, 0, 0, 0, 0, 0, 0, 0, 0, 0, 0, 0, 0, 0, 0, 0, 0, 0, 0, 0, 0, 0, 0, 0, 0, 0, 0, 0, 0, 0, 0, 0, 0, 0, 0, 0, 0, 0, 0, 0, 0, 0, 0, 0, 0, 0, 0, 0, 0, 0, 0, 0, 0, 0, 0, 0, 0, 0, 0, 0, 0, 0, 0, 0, 0, 0, 0, 0, 0, 0, 0, 0, 0, 0, 0, 0, 0, 0, 0, 0, 0, 0, 0, 0, 0]"
111,Guy Furry,Apron,Artisan,びすとろさん,エプロン,職人肌,30,33,FALSE,TRUE,56,150,0,,12,"[0, 1, 5, 15, 6, 5, 20]","[30, 0, 0]","[0, 0, 0, 0, 0, 0, 0, 0, 0, 0, 0, 0, 0, 0, 0, 0, 0, 0, 0, 0, 0, 0, 0, 0, 0, 0, 0, 0, 0, 0, 0, 0, 0, 0, 0, 0, 0, 0, 0, 0, 0, 0, 0, 0, 0, 0, 0, 0, 0, 0, 0, 0, 0, 0, 0, 0, 0, 0, 0, 0, 0, 0, 0, 0, 0, 0, 0, 0, 0, 0, 0, 0, 0, 0, 0, 0, 0, 0, 0, 0, 0, 0, 0, 0, 0, 0, 0, 0, 0, 0, 0, 0, 0, 0, 0, 0, 0, 0, 0, 0, 0, 0, 0, 0, 0, 0, 0, 0, 0, 0, 0, 0, 0, 0, 0, 0, 0, 0, 0, 0, 0, 0, 0, 0, 0, 0, 0, 0, 0, 0, 0, 0, 0, 0, 0, 0, 0, 0, 0, 0, 0, 0, 0, 0, 0, 0, 0, 0, 0, 0, 0, 0, 0, 0, 0, 0, 0, 0, 0, 0, 0, 0, 0, 0, 0, 0, 0, 0, 0, 0, 0, 0, 0, 0, 0, 0, 0, 0, 0, 0, 0, 0, 0, 0, 0, 0, 0, 0, 0, 0, 0, 0, 0, 0, 0, 100, 0, 0, 0, 0, 0, 0, 0, 0, 0, 0, 0, 0, 0, 0, 0, 0, 0, 0, 0, 0, 0, 0, 100, 0, 0, 0, 0, 0, 0, 0, 0, 0, 0, 0, 0, 0, 0, 0, 0, 0, 0, 0, 0, 0, 0, 0, 0, 0, 0, 0, 0, 0, 0, 0, 0, 0, 0, 0, 0, 0, 0, 0, 0, 0, 0, 0, 0, 0, 0, 0, 0, 0, 0, 0, 0, 0, 0, 0, 0, 0, 0, 0, 0, 0, 0, 0, 0, 0, 0, 0, 0, 0, 0, 0, 0, 0, 0, 0, 0, 0, 0, 0, 0, 0, 0, 0, 0, 0, 0, 0, 0, 0, 0, 0, 0, 0, 0]"
112,Kathmandu,Hunting Coat,Refined,まろまゆさん,狩衣,雅,150,40,FALSE,TRUE,57,630,0,,13,"[0, 0, 1, 18, 5, 1, 60]","[35, 0, 0]","[0, 0, 0, 0, 0, 0, 0, 0, 0, 0, 0, 0, 0, 0, 0, 0, 0, 0, 100, 0, 0, 0, 0, 0, 0, 0, 0, 0, 0, 0, 0, 0, 0, 0, 0, 0, 0, 0, 0, 0, 0, 0, 0, 0, 0, 0, 0, 0, 0, 0, 0, 0, 0, 0, 0, 0, 0, 0, 0, 0, 0, 0, 0, 0, 0, 0, 0, 0, 0, 0, 0, 0, 0, 0, 0, 0, 0, 0, 0, 0, 0, 0, 0, 0, 0, 0, 0, 0, 0, 0, 0, 0, 0, 0, 0, 0, 0, 0, 0, 0, 0, 0, 0, 0, 0, 0, 0, 0, 0, 0, 0, 0, 0, 0, 0, 0, 0, 0, 0, 0, 0, 0, 0, 0, 0, 0, 0, 0, 0, 0, 0, 0, 0, 0, 0, 0, 0, 0, 0, 0, 0, 0, 0, 0, 0, 0, 0, 0, 0, 0, 0, 0, 0, 0, 0, 0, 0, 0, 0, 0, 0, 0, 0, 0, 0, 0, 0, 0, 0, 0, 0, 0, 0, 0, 0, 0, 0, 0, 0, 0, 0, 0, 0, 0, 0, 0, 0, 0, 0, 0, 0, 0, 0, 0, 0, 0, 0, 0, 0, 0, 0, 0, 0, 0, 0, 5, 0, 0, 0, 0, 0, 0, 0, 0, 0, 0, 0, 0, 0, 0, 0, 0, 0, 0, 0, 0, 0, 0, 0, 0, 0, 0, 0, 0, 0, 0, 0, 0, 0, 0, 0, 0, 0, 0, 0, 0, 0, 0, 0, 0, 0, 0, 0, 0, 0, 0, 0, 0, 0, 0, 0, 0, 0, 0, 0, 0, 0, 0, 0, 0, 0, 0, 0, 0, 0, 0, 0, 0, 0, 0, 0, 0, 0, 0, 0, 0, 0, 0, 0, 0, 0, 0, 0, 0, 0, 0, 0, 0, 0, 0, 0, 0, 0, 0, 0, 0, 0, 0, 0, 0, 0, 0, 0]"
113,Ramses the Great,Sphinx,Riddler,すふぃんさん,ネメス,クイズ王,230,43,FALSE,TRUE,58,400,0,,14,"[5, 5, 1, 0, 1, 1, 70]","[10, 0, 0]","[0, 0, 0, 0, 0, 0, 0, 0, 0, 0, 0, 0, 0, 0, 0, 0, 0, 0, 0, 0, 0, 0, 0, 0, 0, 0, 0, 0, 0, 0, 0, 0, 0, 0, 0, 0, 0, 0, 0, 0, 0, 0, 0, 0, 0, 0, 0, 0, 0, 0, 0, 0, 0, 0, 0, 0, 0, 0, 0, 0, 0, 0, 0, 0, 0, 0, 0, 0, 0, 0, 0, 0, 0, 0, 0, 0, 0, 0, 0, 0, 0, 0, 0, 0, 0, 0, 0, 0, 0, 0, 0, 0, 0, 0, 100, 0, 0, 0, 0, 0, 0, 0, 0, 0, 0, 0, 0, 0, 0, 0, 0, 0, 0, 0, 0, 0, 0, 0, 0, 0, 0, 0, 0, 0, 0, 0, 0, 0, 0, 0, 0, 0, 0, 0, 0, 0, 0, 0, 0, 0, 0, 0, 0, 0, 0, 0, 0, 0, 0, 0, 0, 0, 0, 0, 0, 0, 0, 0, 0, 0, 0, 0, 0, 0, 0, 0, 0, 0, 0, 0, 0, 0, 0, 0, 0, 0, 0, 0, 0, 0, 0, 0, 0, 0, 0, 0, 0, 0, 0, 0, 0, 0, 0, 0, 0, 0, 0, 0, 0, 0, 0, 0, 0, 0, 0, 0, 0, 0, 0, 0, 0, 0, 0, 0, 0, 0, 0, 0, 0, 0, 0, 0, 0, 0, 0, 0, 0, 0, 0, 0, 0, 0, 0, 0, 0, 0, 0, 0, 0, 0, 0, 0, 0, 0, 0, 0, 0, 0, 0, 0, 0, 0, 0, 0, 0, 0, 0, 0, 0, 0, 0, 0, 0, 0, 0, 0, 0, 0, 0, 0, 0, 0, 0, 0, 0, 0, 0, 0, 0, 0, 0, 0, 0, 0, 0, 0, 0, 0, 0, 0, 0, 0, 0, 0, 0, 0, 0, 0, 0, 0, 0, 0, 0, 0, 0, 0, 0, 0, 0, 0, 0, 0, 0]"
114,Sassy Fran,Waitress,Enthusiastic,かふぇさん,エプロンドレス,先手必勝,180,44,FALSE,TRUE,59,290,30,,15,"[0, 0, 5, 5, 7, 7, 20]","[15, 0, 0]","[0, 0, 0, 0, 0, 0, 0, 0, 0, 0, 0, 0, 0, 0, 0, 0, 0, 0, 0, 0, 0, 0, 0, 0, 0, 0, 0, 0, 100, 0, 0, 0, 0, 0, 0, 0, 0, 0, 0, 0, 0, 0, 0, 0, 0, 0, 0, 0, 0, 0, 0, 0, 0, 0, 0, 0, 0, 0, 0, 0, 0, 0, 0, 0, 0, 0, 0, 0, 0, 0, 0, 0, 0, 0, 0, 0, 0, 0, 0, 0, 0, 0, 0, 0, 0, 0, 0, 0, 0, 0, 0, 0, 0, 0, 0, 0, 0, 0, 0, 0, 0, 0, 0, 0, 0, 0, 0, 0, 0, 0, 0, 0, 0, 0, 0, 0, 0, 0, 0, 0, 0, 0, 0, 0, 0, 0, 0, 0, 0, 0, 0, 0, 0, 0, 0, 0, 0, 0, 0, 0, 0, 0, 0, 0, 0, 0, 0, 0, 0, 0, 0, 0, 0, 0, 0, 0, 0, 0, 0, 0, 0, 0, 0, 0, 0, 0, 0, 0, 0, 0, 0, 0, 0, 0, 0, 0, 0, 0, 0, 0, 0, 0, 0, 0, 0, 0, 0, 0, 0, 0, 0, 0, 0, 0, 0, 0, 0, 0, 0, 0, 0, 0, 0, 0, 0, 0, 0, 0, 0, 0, 0, 0, 0, 0, 0, 0, 0, 0, 0, 0, 0, 0, 0, 0, 0, 0, 0, 0, 0, 0, 0, 0, 0, 0, 0, 0, 0, 0, 0, 0, 0, 0, 0, 0, 0, 0, 0, 0, 0, 0, 0, 0, 0, 0, 0, 0, 0, 0, 0, 0, 0, 0, 0, 0, 0, 0, 0, 0, 0, 0, 0, 0, 0, 0, 0, 0, 0, 0, 0, 0, 0, 0, 0, 0, 0, 0, 0, 0, 0, 0, 0, 0, 0, 0, 0, 0, 0, 0, 0, 0, 0, 0, 0, 0, 0, 0, 0, 0, 0, 0, 0, 0, 0]"
115,Billy the Kitten,Western Wear,Nihilistic,きっどさん,ネッカチーフ,ニヒル,250,47,FALSE,TRUE,60,77,0,,16,"[5, 5, 5, 0, 10, 5, 60]","[10, 0, 0]","[0, 0, 0, 0, 0, 0, 0, 0, 0, 0, 0, 0, 0, 0, 0, 0, 0, 0, 0, 0, 0, 0, 0, 0, 0, 0, 0, 0, 0, 0, 0, 0, 0, 0, 0, 0, 0, 0, 0, 0, 0, 0, 0, 0, 0, 0, 0, 0, 0, 0, 0, 0, 0, 0, 0, 0, 0, 0, 0, 0, 0, 0, 0, 0, 0, 0, 0, 0, 0, 0, 0, 0, 0, 0, 0, 0, 0, 0, 0, 0, 0, 0, 0, 0, 0, 0, 0, 0, 0, 0, 0, 0, 0, 0, 0, 0, 0, 0, 0, 0, 0, 0, 0, 0, 0, 0, 0, 0, 0, 0, 0, 0, 0, 0, 0, 0, 0, 0, 0, 0, 0, 0, 0, 0, 0, 0, 0, 0, 0, 0, 0, 0, 0, 0, 0, 0, 0, 0, 0, 0, 0, 0, 0, 0, 0, 0, 0, 0, 0, 0, 0, 0, 0, 0, 0, 0, 0, 0, 0, 0, 0, 0, 0, 0, 0, 0, 0, 0, 0, 0, 0, 0, 0, 0, 0, 0, 0, 0, 0, 0, 0, 0, 0, 0, 0, 0, 0, 0, 0, 0, 0, 0, 0, 0, 0, 0, 0, 0, 0, 0, 0, 100, 0, 0, 0, 0, 0, 0, 0, 0, 0, 0, 0, 0, 0, 0, 0, 0, 0, 0, 0, 0, 0, 0, 0, 0, 0, 0, 0, 0, 0, 0, 0, 0, 0, 0, 0, 0, 0, 0, 0, 0, 0, 0, 0, 0, 0, 0, 0, 0, 0, 0, 0, 0, 0, 0, 0, 0, 0, 0, 0, 0, 0, 0, 0, 0, 0, 0, 0, 0, 0, 0, 0, 0, 0, 0, 0, 0, 0, 0, 0, 0, 0, 0, 0, 0, 0, 0, 0, 0, 0, 0, 0, 0, 0, 0, 0, 0, 0, 0, 0, 0, 0, 0, 0, 0, 0, 0, 0, 0, 0, 0, 0]"
116,Frosty,Straw Coat,Sensitive,ゆきねこさん,みのぼうし,もろい,5,49,FALSE,TRUE,61,350,100,,17,"[0, 1, 3, 15, 7, 5, 0]","[30, 0, 0]","[0, 0, 0, 0, 0, 0, 0, 0, 0, 0, 0, 0, 0, 0, 0, 0, 0, 0, 0, 0, 0, 0, 0, 0, 0, 0, 0, 0, 0, 0, 0, 0, 0, 0, 0, 0, 5, 5, 5, 5, 0, 0, 0, 5, 0, 0, 5, 0, 0, 0, 5, 5, 5, 5, 5, 5, 0, 0, 0, 0, 0, 0, 0, 0, 0, 0, 0, 0, 0, 0, 0, 0, 30, 0, 0, 0, 0, 0, 0, 0, 0, 0, 0, 0, 0, 0, 0, 0, 0, 0, 5, 0, 0, 5, 0, 0, 0, 5, 0, 0, 0, 0, 0, 0, 0, 0, 0, 0, 0, 0, 0, 0, 0, 0, 0, 0, 0, 0, 0, 0, 0, 0, 0, 0, 0, 0, 0, 0, 0, 0, 0, 0, 0, 5, 0, 0, 0, 0, 0, 0, 0, 0, 0, 0, 0, 0, 0, 0, 0, 0, 0, 0, 0, 0, 0, 0, 0, 0, 0, 0, 0, 0, 5, 5, 0, 0, 0, 0, 0, 0, 0, 0, 0, 0, 0, 0, 0, 0, 0, 0, 0, 0, 0, 0, 0, 0, 0, 0, 0, 0, 0, 0, 0, 0, 0, 0, 0, 0, 0, 0, 0, 0, 0, 0, 0, 0, 0, 0, 0, 0, 0, 0, 0, 0, 0, 0, 0, 0, 0, 0, 0, 0, 0, 0, 0, 0, 0, 0, 0, 0, 0, 0, 0, 0, 0, 0, 5, 5, 0, 0, 0, 0, 0, 0, 0, 0, 0, 0, 0, 0, 0, 0, 0, 0, 0, 0, 0, 0, 0, 0, 0, 0, 0, 0, 0, 0, 0, 0, 0, 0, 0, 0, 0, 0, 0, 0, 0, 0, 0, 0, 0, 0, 0, 0, 0, 0, 0, 0, 0, 0, 0, 0, 0, 0, 0, 0, 0, 0, 0, 0, 0, 0, 0, 0, 0, 0, 0, 0, 0, 0, 0, 0, 0]"
117,Sapphire,Classic Siamese,Naive,さふぁいあさん,サイアミーズ,箱入り娘,20,52,FALSE,TRUE,62,15,100,,18,"[0, 0, 0, 0, 3, 1, 20]","[10, 0, 0]","[0, 0, 0, 0, 0, 0, 0, 0, 0, 0, 0, 0, 0, 0, 0, 0, 0, 0, 0, 0, 0, 0, 0, 0, 0, 0, 0, 0, 0, 0, 0, 0, 0, 0, 0, 0, 0, 0, 0, 0, 0, 0, 0, 0, 0, 0, 0, 0, 0, 0, 0, 0, 0, 0, 0, 0, 0, 0, 0, 0, 0, 0, 0, 0, 0, 0, 0, 0, 0, 0, 0, 0, 0, 0, 0, 0, 0, 0, 0, 0, 0, 0, 0, 0, 0, 0, 0, 0, 0, 0, 0, 0, 0, 0, 0, 0, 0, 0, 0, 0, 0, 0, 0, 0, 0, 0, 0, 0, 0, 20, 0, 0, 0, 0, 0, 0, 0, 0, 0, 0, 0, 0, 0, 0, 0, 0, 0, 0, 0, 0, 0, 0, 0, 0, 0, 0, 0, 0, 0, 0, 0, 20, 0, 0, 0, 0, 0, 0, 0, 0, 0, 0, 0, 0, 0, 0, 0, 0, 0, 0, 0, 0, 0, 0, 0, 0, 0, 0, 0, 0, 0, 0, 0, 0, 0, 0, 0, 0, 0, 0, 0, 0, 0, 0, 0, 0, 0, 0, 0, 0, 0, 0, 0, 0, 0, 0, 0, 0, 0, 0, 0, 0, 0, 0, 0, 0, 0, 0, 0, 0, 0, 0, 0, 0, 0, 0, 0, 0, 0, 0, 0, 0, 0, 0, 0, 0, 0, 0, 0, 0, 0, 0, 0, 0, 0, 0, 0, 0, 0, 0, 0, 0, 0, 0, 0, 0, 0, 0, 0, 0, 0, 0, 0, 0, 0, 0, 0, 0, 0, 0, 0, 0, 0, 0, 0, 0, 0, 0, 0, 0, 0, 0, 0, 0, 0, 0, 0, 0, 0, 0, 0, 0, 0, 0, 0, 0, 0, 0, 0, 0, 0, 0, 0, 0, 0, 0, 0, 0, 0, 0, 0, 0, 0, 0, 0, 0, 0, 0, 0, 0, 0, 0, 0]"
118,Jeeves,Neatly Parted,Nimble,せばすさん,横分け,電光石火,210,53,FALSE,TRUE,63,1200,100,,19,"[0, 0, 0, 0, 0, 0, 0]","[10, 0, 0]","[0, 0, 0, 0, 0, 0, 0, 0, 0, 0, 0, 0, 0, 0, 0, 0, 0, 0, 0, 0, 0, 0, 0, 0, 0, 0, 0, 0, 0, 0, 0, 0, 0, 0, 0, 0, 0, 0, 0, 0, 0, 0, 0, 0, 0, 0, 0, 0, 0, 0, 0, 0, 0, 0, 0, 0, 0, 0, 0, 0, 0, 0, 0, 0, 0, 0, 0, 0, 0, 0, 0, 0, 0, 0, 0, 0, 0, 0, 0, 0, 0, 0, 0, 0, 0, 0, 0, 0, 0, 0, 0, 0, 0, 0, 0, 0, 0, 0, 0, 0, 0, 0, 0, 0, 0, 0, 0, 0, 0, 0, 0, 0, 0, 0, 0, 0, 0, 0, 0, 0, 0, 0, 0, 0, 0, 0, 0, 0, 0, 0, 0, 0, 0, 0, 0, 0, 0, 0, 0, 0, 0, 0, 0, 0, 0, 0, 0, 0, 0, 0, 0, 0, 0, 0, 0, 0, 0, 0, 0, 0, 0, 0, 0, 0, 0, 0, 0, 0, 0, 0, 0, 0, 0, 0, 0, 0, 0, 0, 0, 0, 0, 0, 0, 0, 0, 0, 0, 0, 0, 0, 0, 0, 0, 0, 0, 0, 0, 0, 0, 0, 0, 0, 0, 0, 0, 0, 0, 0, 0, 0, 0, 0, 0, 0, 0, 0, 0, 0, 0, 0, 0, 0, 0, 0, 0, 0, 0, 0, 0, 0, 0, 0, 0, 0, 0, 0, 0, 0, 0, 0, 0, 0, 0, 0, 0, 0, 0, 0, 0, 0, 0, 0, 0, 0, 0, 0, 0, 0, 0, 0, 0, 0, 0, 0, 0, 0, 0, 0, 0, 0, 0, 0, 0, 0, 0, 0, 0, 0, 0, 0, 0, 0, 0, 0, 0, 0, 0, 0, 0, 0, 0, 0, 0, 0, 0, 0, 0, 0, 0, 0, 0, 0, 0, 0, 0, 0, 0, 0, 0, 0, 0, 0, 0]"
119,Bengal Jack,Pirate,Reckless,ろじゃーさん,パイレーツ,むこうみず,66,56,FALSE,TRUE,64,200,0,,20,"[0, 0, 1, 0, 1, 1, 70]","[10, 0, 0]","[0, 0, 0, 0, 0, 0, 0, 0, 0, 0, 0, 0, 0, 0, 0, 0, 0, 0, 0, 0, 0, 0, 0, 0, 0, 0, 0, 0, 0, 0, 0, 0, 0, 0, 0, 0, 0, 0, 0, 0, 0, 0, 0, 0, 0, 0, 0, 0, 0, 0, 0, 0, 0, 0, 0, 0, 0, 0, 0, 0, 0, 0, 0, 0, 0, 0, 0, 0, 0, 0, 0, 0, 0, 0, 0, 0, 0, 0, 0, 0, 0, 0, 0, 0, 0, 0, 0, 0, 0, 0, 0, 0, 0, 0, 0, 0, 0, 0, 0, 0, 0, 0, 0, 0, 0, 0, 0, 0, 0, 0, 0, 0, 0, 0, 0, 0, 0, 0, 0, 0, 0, 0, 0, 0, 0, 0, 0, 0, 0, 0, 0, 0, 0, 0, 0, 0, 0, 0, 0, 0, 0, 0, 0, 0, 0, 0, 0, 0, 0, 0, 0, 0, 0, 0, 0, 0, 0, 0, 0, 0, 0, 0, 0, 0, 0, 0, 0, 0, 0, 0, 0, 0, 0, 0, 0, 0, 0, 0, 0, 0, 0, 0, 0, 0, 0, 0, 0, 0, 0, 0, 0, 0, 0, 0, 0, 0, 0, 0, 0, 0, 0, 0, 0, 0, 0, 0, 0, 0, 0, 0, 0, 0, 0, 0, 0, 0, 0, 0, 0, 0, 0, 0, 0, 0, 0, 0, 0, 0, 0, 0, 0, 0, 0, 0, 0, 0, 0, 0, 0, 0, 100, 0, 0, 0, 0, 0, 0, 0, 0, 0, 0, 0, 0, 0, 0, 0, 0, 0, 0, 0, 0, 0, 0, 0, 0, 0, 0, 0, 0, 0, 0, 0, 0, 0, 0, 0, 0, 0, 0, 0, 0, 0, 0, 0, 0, 0, 0, 0, 0, 0, 0, 0, 0, 0, 0, 0, 0, 0, 0, 0, 0, 0, 0, 0, 0, 0, 0, 0, 0, 0, 0, 0, 0]"
120,Whiteshadow,Ninja Costume,Elusive,しのぶさん,忍装束,神出鬼没,195,59,FALSE,TRUE,65,450,0,,21,"[0, 0, 1, 3, 2, 2, 0]","[30, 0, 0]","[0, 0, 0, 0, 0, 2, 1, 3, 10, 10, 0, 0, 0, 0, 0, 0, 0, 0, 0, 0, 0, 0, 0, 0, 0, 0, 0, 0, 0, 0, 0, 0, 0, 0, 0, 0, 0, 0, 0, 0, 0, 0, 0, 0, 0, 0, 0, 0, 0, 0, 0, 0, 0, 0, 0, 0, 0, 0, 0, 0, 0, 0, 0, 0, 0, 0, 0, 0, 0, 0, 0, 0, 0, 0, 0, 0, 0, 0, 0, 0, 0, 0, 0, 0, 0, 0, 0, 0, 0, 0, 0, 0, 0, 0, 0, 0, 0, 0, 0, 0, 0, 0, 0, 0, 0, 0, 0, 0, 0, 0, 0, 0, 0, 0, 0, 0, 0, 0, 0, 0, 0, 0, 0, 0, 0, 0, 0, 0, 0, 0, 0, 0, 0, 0, 0, 0, 0, 0, 0, 0, 0, 0, 0, 0, 0, 0, 0, 0, 0, 0, 0, 0, 0, 0, 0, 0, 0, 0, 0, 0, 0, 0, 0, 0, 0, 0, 0, 0, 0, 0, 0, 0, 0, 0, 0, 0, 0, 0, 0, 0, 0, 0, 0, 0, 0, 0, 0, 0, 0, 0, 0, 0, 0, 0, 0, 0, 0, 0, 0, 0, 0, 0, 0, 0, 0, 0, 0, 0, 0, 0, 0, 0, 0, 0, 0, 0, 0, 0, 0, 0, 0, 0, 0, 0, 0, 0, 0, 0, 0, 0, 0, 0, 0, 0, 0, 0, 0, 0, 0, 0, 0, 0, 0, 0, 0, 0, 0, 0, 0, 0, 0, 0, 0, 0, 0, 0, 0, 0, 0, 0, 0, 0, 0, 0, 0, 0, 0, 0, 0, 0, 0, 0, 0, 0, 0, 0, 0, 0, 0, 0, 0, 0, 0, 0, 0, 0, 0, 0, 0, 0, 0, 0, 0, 0, 0, 0, 0, 0, 0, 0, 0, 0, 0, 0, 0, 0, 0, 0, 0, 0, 0, 0, 0]"
121,Hermeowne,Pointed Hat,Gentle,みかづきさん,とんがり帽子,おとなしい,200,62,FALSE,TRUE,66,400,0,,22,"[1, 0, 1, 1, 1, 10, 0]","[10, 0, 0]","[0, 0, 0, 0, 0, 0, 0, 0, 0, 0, 0, 0, 0, 0, 0, 0, 0, 0, 0, 0, 0, 0, 0, 0, 0, 0, 0, 0, 0, 0, 0, 0, 0, 0, 0, 0, 0, 0, 0, 0, 0, 0, 0, 0, 0, 0, 0, 0, 0, 0, 0, 0, 0, 0, 0, 0, 0, 0, 0, 0, 0, 0, 0, 0, 0, 0, 0, 0, 0, 0, 0, 0, 0, 0, 0, 0, 0, 0, 0, 0, 0, 0, 0, 0, 0, 0, 0, 0, 0, 0, 0, 0, 0, 0, 0, 0, 0, 0, 0, 0, 0, 0, 0, 0, 0, 0, 0, 0, 0, 0, 0, 0, 0, 0, 0, 0, 0, 0, 0, 0, 0, 0, 0, 0, 0, 0, 0, 0, 0, 0, 0, 0, 0, 0, 0, 0, 0, 0, 0, 0, 0, 0, 0, 0, 0, 0, 0, 0, 0, 0, 0, 0, 0, 0, 0, 0, 0, 0, 0, 0, 0, 0, 0, 0, 0, 0, 0, 0, 0, 0, 0, 0, 0, 0, 0, 0, 0, 0, 0, 0, 0, 0, 0, 0, 0, 0, 0, 0, 0, 0, 0, 0, 0, 0, 0, 0, 0, 0, 0, 0, 0, 0, 0, 0, 0, 0, 0, 0, 0, 0, 0, 0, 0, 0, 0, 0, 0, 0, 0, 0, 0, 0, 0, 0, 0, 0, 0, 0, 0, 0, 0, 0, 0, 0, 0, 0, 0, 0, 0, 0, 0, 0, 0, 0, 0, 0, 0, 0, 0, 0, 0, 0, 0, 0, 0, 0, 0, 0, 0, 0, 0, 0, 0, 0, 0, 0, 0, 0, 0, 0, 0, 0, 0, 0, 0, 0, 0, 0, 10, 0, 0, 0, 0, 0, 0, 0, 0, 0, 0, 0, 0, 0, 0, 0, 0, 0, 0, 0, 0, 0, 0, 0, 0, 0, 0, 0, 0, 0, 0, 0, 0, 0, 0]"
130,Kitty Hawks,The seventh,Mildness,ほーくすさん,鳥肌,普段温厚,100,48,FALSE,FALSE,44,500,0,,0,"[5, 5, 5, 2, 6, 7, 50]","[0, 0, 0]","[0, 0, 0, 0, 0, 0, 0, 0, 0, 0, 75, 0, 0, 0, 0, 0, 0, 0, 0, 0, 0, 0, 0, 0, 0, 0, 0, 0, 0, 0, 0, 0, 0, 0, 0, 0, 0, 0, 0, 0, 0, 0, 0, 0, 0, 0, 0, 0, 0, 0, 0, 0, 0, 0, 0, 0, 0, 0, 0, 0, 0, 0, 0, 0, 0, 0, 0, 0, 0, 0, 0, 0, 0, 0, 0, 0, 0, 0, 0, 0, 0, 0, 0, 0, 0, 0, 0, 0, 0, 0, 0, 0, 0, 0, 0, 0, 0, 0, 0, 0, 0, 0, 0, 0, 0, 0, 0, 0, 0, 0, 0, 0, 0, 0, 0, 0, 0, 0, 0, 0, 0, 0, 0, 0, 0, 0, 0, 0, 0, 0, 0, 0, 0, 0, 0, 0, 0, 0, 0, 0, 0, 0, 0, 0, 0, 0, 0, 0, 0, 0, 0, 0, 0, 0, 0, 0, 0, 0, 0, 0, 0, 0, 0, 0, 0, 0, 0, 0, 0, 0, 0, 0, 0, 0, 0, 0, 0, 0, 0, 0, 0, 0, 0, 0, 0, 0, 0, 0, 0, 0, 0, 0, 0, 0, 0, 0, 0, 0, 0, 0, 0, 0, 0, 0, 0, 0, 0, 0, 0, 0, 0, 0, 0, 0, 0, 0, 0, 0, 0, 0, 0, 0, 0, 0, 0, 0, 0, 0, 0, 0, 0, 0, 0, 0, 0, 0, 0, 0, 0, 0, 0, 0, 0, 0, 0, 0, 0, 0, 0, 0, 0, 0, 0, 0, 0, 0, 0, 0, 0, 0, 0, 0, 0, 0, 0, 0, 0, 0, 0, 0, 0, 0, 0, 0, 0, 0, 0, 0, 0, 0, 0, 0, 0, 0, 0, 0, 0, 0, 0, 0, 0, 0, 0, 0, 0, 0, 0, 0, 0, 0, 0, 0, 0, 0, 0, 0, 0, 0, 0, 0, 0, 0, 0]"